Ekipman	ÜNİTE	Konsol	Category Type	Ekipman Tipi
3010000	100	KONSOL 1	BE	PILOT FLAME DETECTOR
3010001	100	KONSOL 1	BE	PILOT FLAME DETECTOR
3010002	100	KONSOL 1	BE	PILOT FLAME DETECTOR
3010003	100	KONSOL 1	BE	PILOT FLAME DETECTOR
3010004	100	KONSOL 1	BE	PILOT FLAME DETECTOR
3010005	100	KONSOL 1	BE	PILOT FLAME DETECTOR
3010006	100	KONSOL 1	BE	PILOT FLAME DETECTOR
3010007	100	KONSOL 1	BE	PILOT FLAME DETECTOR
3010008	100	KONSOL 1	BE	PILOT FLAME DETECTOR
3010009	100	KONSOL 1	BE	PILOT FLAME DETECTOR
3010010	100	KONSOL 1	BE	PILOT FLAME DETECTOR
3010011	100	KONSOL 1	BE	PILOT FLAME DETECTOR
3010012	100	KONSOL 1	BE	PILOT FLAME DETECTOR
3010013	100	KONSOL 1	BE	PILOT FLAME DETECTOR
3010014	100	KONSOL 1	BE	PILOT FLAME DETECTOR
3010015	100	KONSOL 1	BE	PILOT FLAME DETECTOR
3010016	100	KONSOL 1	BE	PILOT FLAME DETECTOR
3010017	100	KONSOL 1	BE	PILOT FLAME DETECTOR
3010018	100	KONSOL 1	BE	PILOT FLAME DETECTOR
3010019	100	KONSOL 1	BE	PILOT FLAME DETECTOR
3010020	100	KONSOL 1	BE	PILOT FLAME DETECTOR
3010021	100	KONSOL 1	BE	PILOT FLAME DETECTOR
3010022	100	KONSOL 1	BE	PILOT FLAME DETECTOR
3010023	100	KONSOL 1	BE	PILOT FLAME DETECTOR
3010024	100	KONSOL 1	BE	PILOT FLAME DETECTOR
3010025	100	KONSOL 1	BE	PILOT FLAME DETECTOR
3010026	100	KONSOL 1	BE	PILOT FLAME DETECTOR
3010027	100	KONSOL 1	BE	PILOT FLAME DETECTOR
3010028	100	KONSOL 1	BE	PILOT FLAME DETECTOR
3010029	100	KONSOL 1	BE	PILOT FLAME DETECTOR
3010030	100	KONSOL 1	BE	PILOT FLAME DETECTOR
3010031	100	KONSOL 1	BE	PILOT FLAME DETECTOR
3010032	100	KONSOL 1	BE	PILOT FLAME DETECTOR
3010033	100	KONSOL 1	BE	PILOT FLAME DETECTOR
3010034	100	KONSOL 1	BE	PILOT FLAME DETECTOR
3010035	100	KONSOL 1	BE	PILOT FLAME DETECTOR
3010036	100	KONSOL 1	BE	PILOT FLAME DETECTOR
3010037	100	KONSOL 1	BE	PILOT FLAME DETECTOR
3010038	100	KONSOL 1	BE	PILOT FLAME DETECTOR
3010039	100	KONSOL 1	BE	PILOT FLAME DETECTOR
3010040	100	KONSOL 1	BE	PILOT FLAME DETECTOR
3010041	100	KONSOL 1	BE	PILOT FLAME DETECTOR
3010042	100	KONSOL 1	BE	PILOT FLAME DETECTOR
3010043	100	KONSOL 1	BE	PILOT FLAME DETECTOR
3010044	100	KONSOL 1	BE	PILOT FLAME DETECTOR
3010045	100	KONSOL 1	BE	PILOT FLAME DETECTOR
3010046	100	KONSOL 1	BE	PILOT FLAME DETECTOR
3010047	100	KONSOL 1	BE	PILOT FLAME DETECTOR
3010048	100	KONSOL 1	BE	PILOT FLAME DETECTOR
3010049	100	KONSOL 1	BE	PILOT FLAME DETECTOR
3010050	100	KONSOL 1	BE	PILOT FLAME DETECTOR
3010051	100	KONSOL 1	BE	PILOT FLAME DETECTOR
3010052	100	KONSOL 1	BE	PILOT FLAME DETECTOR
3010053	100	KONSOL 1	BE	PILOT FLAME DETECTOR
3010054	100	KONSOL 1	BE	PILOT FLAME DETECTOR
3010055	100	KONSOL 1	BE	PILOT FLAME DETECTOR
3010056	100	KONSOL 1	BE	PILOT FLAME DETECTOR
3010057	100	KONSOL 1	BE	PILOT FLAME DETECTOR
3010058	100	KONSOL 1	BE	PILOT FLAME DETECTOR
3010059	100	KONSOL 1	BE	PILOT FLAME DETECTOR
3010060	100	KONSOL 1	BE	PILOT FLAME DETECTOR
3010061	100	KONSOL 1	BE	PILOT FLAME DETECTOR
3010062	100	KONSOL 1	BE	PILOT FLAME DETECTOR
3010063	100	KONSOL 1	BE	PILOT FLAME DETECTOR
3010064	100	KONSOL 1	BE	PILOT FLAME DETECTOR
3010065	100	KONSOL 1	BE	PILOT FLAME DETECTOR
3010066	100	KONSOL 1	BE	PILOT FLAME DETECTOR
3010067	100	KONSOL 1	BE	PILOT FLAME DETECTOR
3010068	100	KONSOL 1	BE	PILOT FLAME DETECTOR
3010069	100	KONSOL 1	BE	PILOT FLAME DETECTOR
3010070	100	KONSOL 1	BE	PILOT FLAME DETECTOR
3010071	100	KONSOL 1	BE	PILOT FLAME DETECTOR
3010072	100	KONSOL 1	BE	PILOT FLAME DETECTOR
3010073	100	KONSOL 1	BE	PILOT FLAME DETECTOR
3010074	100	KONSOL 1	BE	PILOT FLAME DETECTOR
3010075	100	KONSOL 1	BE	PILOT FLAME DETECTOR
3010076	100	KONSOL 1	BE	PILOT FLAME DETECTOR
3010077	100	KONSOL 1	BE	PILOT FLAME DETECTOR
3010078	100	KONSOL 1	BE	PILOT FLAME DETECTOR
3010079	100	KONSOL 1	BE	PILOT FLAME DETECTOR
3010080	100	KONSOL 1	BE	PILOT FLAME DETECTOR
3010081	100	KONSOL 1	BE	PILOT FLAME DETECTOR
3010082	100	KONSOL 1	BE	PILOT FLAME DETECTOR
3010083	100	KONSOL 1	BE	PILOT FLAME DETECTOR
3010084	100	KONSOL 1	BE	PILOT FLAME DETECTOR
3010085	100	KONSOL 1	BE	PILOT FLAME DETECTOR
3010086	100	KONSOL 1	BE	PILOT FLAME DETECTOR
3010087	100	KONSOL 1	BE	PILOT FLAME DETECTOR
3010088	100	KONSOL 1	BE	PILOT FLAME DETECTOR
3010089	100	KONSOL 1	BE	PILOT FLAME DETECTOR
3010090	100	KONSOL 1	BE	PILOT FLAME DETECTOR
3010091	100	KONSOL 1	BE	PILOT FLAME DETECTOR
3010092	100	KONSOL 1	BE	PILOT FLAME DETECTOR
3010093	100	KONSOL 1	BE	PILOT FLAME DETECTOR
3010094	100	KONSOL 1	BE	PILOT FLAME DETECTOR
3010095	100	KONSOL 1	BE	PILOT FLAME DETECTOR
3010096	100	KONSOL 1	BE	PILOT FLAME DETECTOR
3010097	100	KONSOL 1	BE	PILOT FLAME DETECTOR
3010098	100	KONSOL 1	BE	PILOT FLAME DETECTOR
3010099	100	KONSOL 1	BE	PILOT FLAME DETECTOR
3010100	100	KONSOL 1	BE	PILOT FLAME DETECTOR
3010101	100	KONSOL 1	BE	PILOT FLAME DETECTOR
3010102	100	KONSOL 1	BE	PILOT FLAME DETECTOR
3010103	100	KONSOL 1	BE	PILOT FLAME DETECTOR
3010104	100	KONSOL 1	BE	PILOT FLAME DETECTOR
3010105	100	KONSOL 1	BE	PILOT FLAME DETECTOR
3010106	100	KONSOL 1	BE	PILOT FLAME DETECTOR
3010107	100	KONSOL 1	BE	PILOT FLAME DETECTOR
3010108	100	KONSOL 1	BE	PILOT FLAME DETECTOR
3010109	100	KONSOL 1	BE	PILOT FLAME DETECTOR
3010110	100	KONSOL 1	BE	PILOT FLAME DETECTOR
3010111	100	KONSOL 1	BE	PILOT FLAME DETECTOR
3010112	100	KONSOL 1	BE	PILOT FLAME DETECTOR
3010113	100	KONSOL 1	BE	PILOT FLAME DETECTOR
3010114	100	KONSOL 1	BE	PILOT FLAME DETECTOR
3010115	100	KONSOL 1	BE	PILOT FLAME DETECTOR
3010116	100	KONSOL 1	BE	PILOT FLAME DETECTOR
3010117	100	KONSOL 1	BE	PILOT FLAME DETECTOR
3010118	100	KONSOL 1	BE	PILOT FLAME DETECTOR
3010119	100	KONSOL 1	BE	PILOT FLAME DETECTOR
3010215	100	KONSOL 1	DPF	DP FLOW TRANSMITTER
3010216	100	KONSOL 1	DPF	DP FLOW TRANSMITTER
3010217	100	KONSOL 1	DPF	DP FLOW TRANSMITTER
3010220	100	KONSOL 1	DPF	DP FLOW TRANSMITTER
3010221	100	KONSOL 1	DPF	DP FLOW TRANSMITTER
3010222	100	KONSOL 1	DPF	DP FLOW TRANSMITTER
3010225	100	KONSOL 1	DPF	DP FLOW TRANSMITTER
3010226	100	KONSOL 1	DPF	DP FLOW TRANSMITTER
3010227	100	KONSOL 1	DPF	DP FLOW TRANSMITTER
3010230	100	KONSOL 1	DPF	DP FLOW TRANSMITTER
3010231	100	KONSOL 1	DPF	DP FLOW TRANSMITTER
3010232	100	KONSOL 1	DPF	DP FLOW TRANSMITTER
3010235	100	KONSOL 1	DPF	DP FLOW TRANSMITTER
3010236	100	KONSOL 1	DPF	DP FLOW TRANSMITTER
3010237	100	KONSOL 1	DPF	DP FLOW TRANSMITTER
3010240	100	KONSOL 1	DPF	DP FLOW TRANSMITTER
3010241	100	KONSOL 1	DPF	DP FLOW TRANSMITTER
3010242	100	KONSOL 1	DPF	DP FLOW TRANSMITTER
3010245	100	KONSOL 1	DPF	DP FLOW TRANSMITTER
3010246	100	KONSOL 1	DPF	DP FLOW TRANSMITTER
3010247	100	KONSOL 1	DPF	DP FLOW TRANSMITTER
3010250	100	KONSOL 1	DPF	DP FLOW TRANSMITTER
3010251	100	KONSOL 1	DPF	DP FLOW TRANSMITTER
3010252	100	KONSOL 1	DPF	DP FLOW TRANSMITTER
3010255	100	KONSOL 1	DPF	DP FLOW TRANSMITTER
3010256	100	KONSOL 1	DPF	DP FLOW TRANSMITTER
3010257	100	KONSOL 1	DPF	DP FLOW TRANSMITTER
3010260	100	KONSOL 1	DPF	DP FLOW TRANSMITTER
3010261	100	KONSOL 1	DPF	DP FLOW TRANSMITTER
3010262	100	KONSOL 1	DPF	DP FLOW TRANSMITTER
3010265	100	KONSOL 1	DPF	DP FLOW TRANSMITTER
3010266	100	KONSOL 1	DPF	DP FLOW TRANSMITTER
3010267	100	KONSOL 1	DPF	DP FLOW TRANSMITTER
3010270	100	KONSOL 1	DPF	DP FLOW TRANSMITTER
3010271	100	KONSOL 1	DPF	DP FLOW TRANSMITTER
3010272	100	KONSOL 1	DPF	DP FLOW TRANSMITTER
3010379	100	KONSOL 1	DPF	DP FLOW TRANSMITTER
3010380	100	KONSOL 1	DPF	DP FLOW TRANSMITTER
3010381	100	KONSOL 1	DPF	DP FLOW TRANSMITTER
3010390	100	KONSOL 1	DPF	DP FLOW TRANSMITTER
3010391	100	KONSOL 1	DPF	DP FLOW TRANSMITTER
3010392	100	KONSOL 1	DPF	DP FLOW TRANSMITTER
3010418	100	KONSOL 1	DPF	DP FLOW TRANSMITTER
3010419	100	KONSOL 1	DPF	DP FLOW TRANSMITTER
3010420	100	KONSOL 1	DPF	DP FLOW TRANSMITTER
3010423	100	KONSOL 1	DPF	DP FLOW TRANSMITTER
3010424	100	KONSOL 1	DPF	DP FLOW TRANSMITTER
3010425	100	KONSOL 1	DPF	DP FLOW TRANSMITTER
3010428	100	KONSOL 1	DPF	DP FLOW TRANSMITTER
3010429	100	KONSOL 1	DPF	DP FLOW TRANSMITTER
3010430	100	KONSOL 1	DPF	DP FLOW TRANSMITTER
3010433	100	KONSOL 1	DPF	DP FLOW TRANSMITTER
3010434	100	KONSOL 1	DPF	DP FLOW TRANSMITTER
3010435	100	KONSOL 1	DPF	DP FLOW TRANSMITTER
3010546	100	KONSOL 1	DPF	DP FLOW TRANSMITTER
3010555	100	KONSOL 1	DPF	DP FLOW TRANSMITTER
3010556	100	KONSOL 1	DPF	DP FLOW TRANSMITTER
3010557	100	KONSOL 1	DPF	DP FLOW TRANSMITTER
3010558	100	KONSOL 1	DPF	DP FLOW TRANSMITTER
3010559	100	KONSOL 1	DPF	DP FLOW TRANSMITTER
3010560	100	KONSOL 1	DPF	DP FLOW TRANSMITTER
3010299	100	KONSOL 1	CV	CONTROL VALVE
3010785	100	KONSOL 1	DPL	DP LEVEL TRANSMITTER
3010786	100	KONSOL 1	DPL	DP LEVEL TRANSMITTER
3010787	100	KONSOL 1	DPL	DP LEVEL TRANSMITTER
3010790	100	KONSOL 1	DPL	DP LEVEL TRANSMITTER
3010791	100	KONSOL 1	DPL	DP LEVEL TRANSMITTER
3010792	100	KONSOL 1	DPL	DP LEVEL TRANSMITTER
3010794	100	KONSOL 1	DPL	DP LEVEL TRANSMITTER
3010795	100	KONSOL 1	DPL	DP LEVEL TRANSMITTER
3010796	100	KONSOL 1	DPL	DP LEVEL TRANSMITTER
3010798	100	KONSOL 1	DPL	DP LEVEL TRANSMITTER
3010799	100	KONSOL 1	DPL	DP LEVEL TRANSMITTER
3010800	100	KONSOL 1	DPL	DP LEVEL TRANSMITTER
3010801	100	KONSOL 1	DPL	DP LEVEL TRANSMITTER
3010802	100	KONSOL 1	DPL	DP LEVEL TRANSMITTER
3010803	100	KONSOL 1	DPL	DP LEVEL TRANSMITTER
3010805	100	KONSOL 1	DPL	DP LEVEL TRANSMITTER
3010808	100	KONSOL 1	DPL	DP LEVEL TRANSMITTER
3010809	100	KONSOL 1	DPL	DP LEVEL TRANSMITTER
3010812	100	KONSOL 1	DPL	DP LEVEL TRANSMITTER
3010815	100	KONSOL 1	DPL	DP LEVEL TRANSMITTER
3010819	100	KONSOL 1	DPL	DP LEVEL TRANSMITTER
3010821	100	KONSOL 1	DPL	DP LEVEL TRANSMITTER
3010822	100	KONSOL 1	DPL	DP LEVEL TRANSMITTER
3010823	100	KONSOL 1	DPL	DP LEVEL TRANSMITTER
3010826	100	KONSOL 1	DPL	DP LEVEL TRANSMITTER
3010827	100	KONSOL 1	DPL	DP LEVEL TRANSMITTER
3010834	100	KONSOL 1	DPL	DP LEVEL TRANSMITTER
3010835	100	KONSOL 1	DPL	DP LEVEL TRANSMITTER
3010837	100	KONSOL 1	DPL	DP LEVEL TRANSMITTER
3010838	100	KONSOL 1	DPL	DP LEVEL TRANSMITTER
3010840	100	KONSOL 1	DPL	DP LEVEL TRANSMITTER
3010841	100	KONSOL 1	DPL	DP LEVEL TRANSMITTER
3010842	100	KONSOL 1	DPL	DP LEVEL TRANSMITTER
3010846	100	KONSOL 1	DPL	DP LEVEL TRANSMITTER
3010847	100	KONSOL 1	DPL	DP LEVEL TRANSMITTER
3010849	100	KONSOL 1	DPL	DP LEVEL TRANSMITTER
3010850	100	KONSOL 1	DPL	DP LEVEL TRANSMITTER
3010851	100	KONSOL 1	DPL	DP LEVEL TRANSMITTER
3010853	100	KONSOL 1	DPL	DP LEVEL TRANSMITTER
3010856	100	KONSOL 1	DPL	DP LEVEL TRANSMITTER
3010857	100	KONSOL 1	DPL	DP LEVEL TRANSMITTER
3010858	100	KONSOL 1	DPL	DP LEVEL TRANSMITTER
3010859	100	KONSOL 1	DPL	DP LEVEL TRANSMITTER
3010862	100	KONSOL 1	DPL	DP LEVEL TRANSMITTER
3010863	100	KONSOL 1	DPL	DP LEVEL TRANSMITTER
3010865	100	KONSOL 1	DPL	DP LEVEL TRANSMITTER
3010867	100	KONSOL 1	DPL	DP LEVEL TRANSMITTER
3010869	100	KONSOL 1	DPL	DP LEVEL TRANSMITTER
3010870	100	KONSOL 1	DPL	DP LEVEL TRANSMITTER
3010872	100	KONSOL 1	DPL	DP LEVEL TRANSMITTER
3010874	100	KONSOL 1	DPL	DP LEVEL TRANSMITTER
3010875	100	KONSOL 1	DPL	DP LEVEL TRANSMITTER
3010894	100	KONSOL 1	DPL	DP LEVEL TRANSMITTER
3010895	100	KONSOL 1	DPL	DP LEVEL TRANSMITTER
3010896	100	KONSOL 1	DPL	DP LEVEL TRANSMITTER
3010902	100	KONSOL 1	DPL	DP LEVEL TRANSMITTER
3010903	100	KONSOL 1	DPL	DP LEVEL TRANSMITTER
3010904	100	KONSOL 1	DPL	DP LEVEL TRANSMITTER
3010969	100	KONSOL 1	PT	PRESSURE TRANSMITTER
3010970	100	KONSOL 1	PT	PRESSURE TRANSMITTER
3010971	100	KONSOL 1	PT	PRESSURE TRANSMITTER
3010974	100	KONSOL 1	PT	PRESSURE TRANSMITTER
3010975	100	KONSOL 1	PT	PRESSURE TRANSMITTER
3010976	100	KONSOL 1	PT	PRESSURE TRANSMITTER
3010977	100	KONSOL 1	PT	PRESSURE TRANSMITTER
3010978	100	KONSOL 1	PT	PRESSURE TRANSMITTER
3010979	100	KONSOL 1	PT	PRESSURE TRANSMITTER
3010988	100	KONSOL 1	PT	PRESSURE TRANSMITTER
3010989	100	KONSOL 1	PT	PRESSURE TRANSMITTER
3010990	100	KONSOL 1	PT	PRESSURE TRANSMITTER
3011213	100	KONSOL 1	PT	PRESSURE TRANSMITTER
3011214	100	KONSOL 1	PT	PRESSURE TRANSMITTER
3011215	100	KONSOL 1	PT	PRESSURE TRANSMITTER
3011218	100	KONSOL 1	PT	PRESSURE TRANSMITTER
3011219	100	KONSOL 1	PT	PRESSURE TRANSMITTER
3011220	100	KONSOL 1	PT	PRESSURE TRANSMITTER
3011227	100	KONSOL 1	PT	PRESSURE TRANSMITTER
3011228	100	KONSOL 1	PT	PRESSURE TRANSMITTER
3011229	100	KONSOL 1	PT	PRESSURE TRANSMITTER
3011231	100	KONSOL 1	PT	PRESSURE TRANSMITTER
3011232	100	KONSOL 1	PT	PRESSURE TRANSMITTER
3011233	100	KONSOL 1	PT	PRESSURE TRANSMITTER
3011236	100	KONSOL 1	PT	PRESSURE TRANSMITTER
3011237	100	KONSOL 1	PT	PRESSURE TRANSMITTER
3011238	100	KONSOL 1	PT	PRESSURE TRANSMITTER
3011252	100	KONSOL 1	PT	PRESSURE TRANSMITTER
3011253	100	KONSOL 1	PT	PRESSURE TRANSMITTER
3011254	100	KONSOL 1	PT	PRESSURE TRANSMITTER
3011255	100	KONSOL 1	PT	PRESSURE TRANSMITTER
3011372	100	KONSOL 1	PT	PRESSURE TRANSMITTER
3011373	100	KONSOL 1	PT	PRESSURE TRANSMITTER
3011374	100	KONSOL 1	PT	PRESSURE TRANSMITTER
3011709	100	KONSOL 1	TT	TEMPERATURE TRANSMITTER
3011715	100	KONSOL 1	TT	TEMPERATURE TRANSMITTER
3011721	100	KONSOL 1	TT	TEMPERATURE TRANSMITTER
3011727	100	KONSOL 1	TT	TEMPERATURE TRANSMITTER
3011733	100	KONSOL 1	TT	TEMPERATURE TRANSMITTER
3011739	100	KONSOL 1	TT	TEMPERATURE TRANSMITTER
3011745	100	KONSOL 1	TT	TEMPERATURE TRANSMITTER
3011751	100	KONSOL 1	TT	TEMPERATURE TRANSMITTER
3011757	100	KONSOL 1	TT	TEMPERATURE TRANSMITTER
3011763	100	KONSOL 1	TT	TEMPERATURE TRANSMITTER
3011769	100	KONSOL 1	TT	TEMPERATURE TRANSMITTER
3011775	100	KONSOL 1	TT	TEMPERATURE TRANSMITTER
3013022	100	KONSOL 1	TT	TEMPERATURE TRANSMITTER
3013023	100	KONSOL 1	TT	TEMPERATURE TRANSMITTER
3013024	100	KONSOL 1	TT	TEMPERATURE TRANSMITTER
3013034	100	KONSOL 1	TT	TEMPERATURE TRANSMITTER
3013035	100	KONSOL 1	TT	TEMPERATURE TRANSMITTER
3013036	100	KONSOL 1	TT	TEMPERATURE TRANSMITTER
3013046	100	KONSOL 1	TT	TEMPERATURE TRANSMITTER
3013047	100	KONSOL 1	TT	TEMPERATURE TRANSMITTER
3013048	100	KONSOL 1	TT	TEMPERATURE TRANSMITTER
3013058	100	KONSOL 1	TT	TEMPERATURE TRANSMITTER
3013059	100	KONSOL 1	TT	TEMPERATURE TRANSMITTER
3013060	100	KONSOL 1	TT	TEMPERATURE TRANSMITTER
3013114	100	KONSOL 1	TT	TEMPERATURE TRANSMITTER
3013115	100	KONSOL 1	TT	TEMPERATURE TRANSMITTER
3013116	100	KONSOL 1	TT	TEMPERATURE TRANSMITTER
3013126	100	KONSOL 1	TT	TEMPERATURE TRANSMITTER
3013127	100	KONSOL 1	TT	TEMPERATURE TRANSMITTER
3013128	100	KONSOL 1	TT	TEMPERATURE TRANSMITTER
3013138	100	KONSOL 1	TT	TEMPERATURE TRANSMITTER
3013139	100	KONSOL 1	TT	TEMPERATURE TRANSMITTER
3013140	100	KONSOL 1	TT	TEMPERATURE TRANSMITTER
3013150	100	KONSOL 1	TT	TEMPERATURE TRANSMITTER
3013151	100	KONSOL 1	TT	TEMPERATURE TRANSMITTER
3013152	100	KONSOL 1	TT	TEMPERATURE TRANSMITTER
3013304	100	KONSOL 1	TT	TEMPERATURE TRANSMITTER
3013366	100	KONSOL 1	TT	TEMPERATURE TRANSMITTER
3013367	100	KONSOL 1	TT	TEMPERATURE TRANSMITTER
3013368	100	KONSOL 1	TT	TEMPERATURE TRANSMITTER
3014269	100	KONSOL 1	CV	ON OFF VALVE
3014272	100	KONSOL 1	CV	ON OFF VALVE
3014273	100	KONSOL 1	CV	ON OFF VALVE
3014274	100	KONSOL 1	CV	ON OFF VALVE
3014275	100	KONSOL 1	CV	ON OFF VALVE
3014276	100	KONSOL 1	CV	ON OFF VALVE
3014277	100	KONSOL 1	CV	ON OFF VALVE
3014281	100	KONSOL 1	CV	ON OFF VALVE
3014287	100	KONSOL 1	CV	ON OFF VALVE
3014288	100	KONSOL 1	CV	ON OFF VALVE
3014296	100	KONSOL 1	CV	ON OFF VALVE
3014297	100	KONSOL 1	CV	ON OFF VALVE
3014298	100	KONSOL 1	CV	ON OFF VALVE
3014299	100	KONSOL 1	CV	ON OFF VALVE
3014300	100	KONSOL 1	CV	ON OFF VALVE
3014301	100	KONSOL 1	CV	ON OFF VALVE
3014302	100	KONSOL 1	CV	ON OFF VALVE
3014303	100	KONSOL 1	CV	ON OFF VALVE
3014304	100	KONSOL 1	CV	ON OFF VALVE
3014305	100	KONSOL 1	CV	ON OFF VALVE
3014306	100	KONSOL 1	CV	ON OFF VALVE
3014307	100	KONSOL 1	CV	ON OFF VALVE
3014312	100	KONSOL 1	CV	ON OFF VALVE
3014313	100	KONSOL 1	CV	ON OFF VALVE
3014314	100	KONSOL 1	CV	ON OFF VALVE
3014344	100	KONSOL 1	CV	ON OFF VALVE
3014345	100	KONSOL 1	CV	ON OFF VALVE
3014346	100	KONSOL 1	CV	ON OFF VALVE
3014347	100	KONSOL 1	CV	ON OFF VALVE
3014348	100	KONSOL 1	CV	ON OFF VALVE
3014349	100	KONSOL 1	CV	ON OFF VALVE
3014350	100	KONSOL 1	CV	ON OFF VALVE
3014351	100	KONSOL 1	CV	ON OFF VALVE
3014352	100	KONSOL 1	CV	ON OFF VALVE
3014353	100	KONSOL 1	CV	ON OFF VALVE
3014354	100	KONSOL 1	CV	ON OFF VALVE
3014355	100	KONSOL 1	CV	ON OFF VALVE
3014356	100	KONSOL 1	CV	ON OFF VALVE
3014357	100	KONSOL 1	CV	ON OFF VALVE
3014358	100	KONSOL 1	CV	ON OFF VALVE
3014359	100	KONSOL 1	CV	ON OFF VALVE
3014360	100	KONSOL 1	CV	ON OFF VALVE
3014361	100	KONSOL 1	CV	ON OFF VALVE
3014362	100	KONSOL 1	CV	ON OFF VALVE
3014363	100	KONSOL 1	CV	ON OFF VALVE
3014364	100	KONSOL 1	CV	ON OFF VALVE
3014365	100	KONSOL 1	CV	ON OFF VALVE
3014366	100	KONSOL 1	CV	ON OFF VALVE
3014367	100	KONSOL 1	CV	ON OFF VALVE
3014368	100	KONSOL 1	CV	ON OFF VALVE
3014369	100	KONSOL 1	CV	ON OFF VALVE
3014370	100	KONSOL 1	CV	ON OFF VALVE
3014371	100	KONSOL 1	CV	ON OFF VALVE
3014372	100	KONSOL 1	CV	ON OFF VALVE
3014373	100	KONSOL 1	CV	ON OFF VALVE
3014374	100	KONSOL 1	CV	ON OFF VALVE
3014375	100	KONSOL 1	CV	ON OFF VALVE
3014376	100	KONSOL 1	CV	ON OFF VALVE
3014377	100	KONSOL 1	CV	ON OFF VALVE
3014378	100	KONSOL 1	CV	ON OFF VALVE
3014379	100	KONSOL 1	CV	ON OFF VALVE
3014380	100	KONSOL 1	CV	ON OFF VALVE
3014381	100	KONSOL 1	CV	ON OFF VALVE
3014382	100	KONSOL 1	CV	ON OFF VALVE
3014383	100	KONSOL 1	CV	ON OFF VALVE
3014384	100	KONSOL 1	CV	ON OFF VALVE
3014385	100	KONSOL 1	CV	ON OFF VALVE
3014386	100	KONSOL 1	CV	ON OFF VALVE
3014387	100	KONSOL 1	CV	ON OFF VALVE
3014388	100	KONSOL 1	CV	ON OFF VALVE
3014389	100	KONSOL 1	CV	ON OFF VALVE
3014390	100	KONSOL 1	CV	ON OFF VALVE
3014391	100	KONSOL 1	CV	ON OFF VALVE
3014392	100	KONSOL 1	CV	ON OFF VALVE
3014393	100	KONSOL 1	CV	ON OFF VALVE
3014394	100	KONSOL 1	CV	ON OFF VALVE
3014395	100	KONSOL 1	CV	ON OFF VALVE
3014396	100	KONSOL 1	CV	ON OFF VALVE
3014397	100	KONSOL 1	CV	ON OFF VALVE
3014410	100	KONSOL 1	CV	ON OFF VALVE
3014412	100	KONSOL 1	CV	ON OFF VALVE
3014413	100	KONSOL 1	CV	ON OFF VALVE
3014414	100	KONSOL 1	CV	ON OFF VALVE
3014415	100	KONSOL 1	CV	ON OFF VALVE
3014417	100	KONSOL 1	CV	ON OFF VALVE
3014418	100	KONSOL 1	CV	ON OFF VALVE
3014420	100	KONSOL 1	CV	ON OFF VALVE
3014422	100	KONSOL 1	CV	ON OFF VALVE
3014423	100	KONSOL 1	CV	ON OFF VALVE
3014424	100	KONSOL 1	CV	ON OFF VALVE
3014425	100	KONSOL 1	CV	ON OFF VALVE
3014426	100	KONSOL 1	CV	ON OFF VALVE
3014427	100	KONSOL 1	CV	ON OFF VALVE
3014428	100	KONSOL 1	CV	ON OFF VALVE
3014429	100	KONSOL 1	CV	ON OFF VALVE
3014430	100	KONSOL 1	CV	ON OFF VALVE
3014431	100	KONSOL 1	CV	ON OFF VALVE
3014432	100	KONSOL 1	CV	ON OFF VALVE
3014433	100	KONSOL 1	CV	ON OFF VALVE
3014434	100	KONSOL 1	CV	ON OFF VALVE
3014435	100	KONSOL 1	CV	ON OFF VALVE
3014436	100	KONSOL 1	CV	ON OFF VALVE
3014437	100	KONSOL 1	CV	ON OFF VALVE
3014438	100	KONSOL 1	CV	ON OFF VALVE
3014439	100	KONSOL 1	CV	ON OFF VALVE
3014440	100	KONSOL 1	CV	ON OFF VALVE
3014441	100	KONSOL 1	CV	ON OFF VALVE
3014442	100	KONSOL 1	CV	ON OFF VALVE
3014443	100	KONSOL 1	CV	ON OFF VALVE
3014444	100	KONSOL 1	CV	ON OFF VALVE
3014445	100	KONSOL 1	CV	ON OFF VALVE
3014446	100	KONSOL 1	CV	ON OFF VALVE
3014448	100	KONSOL 1	CV	ON OFF VALVE
3014449	100	KONSOL 1	CV	ON OFF VALVE
3014450	100	KONSOL 1	CV	ON OFF VALVE
3014451	100	KONSOL 1	CV	ON OFF VALVE
3014452	100	KONSOL 1	CV	ON OFF VALVE
3014453	100	KONSOL 1	CV	ON OFF VALVE
3014454	100	KONSOL 1	CV	ON OFF VALVE
3014455	100	KONSOL 1	CV	ON OFF VALVE
3014456	100	KONSOL 1	CV	ON OFF VALVE
3014457	100	KONSOL 1	CV	ON OFF VALVE
3014458	100	KONSOL 1	CV	ON OFF VALVE
3014459	100	KONSOL 1	CV	ON OFF VALVE
3014460	100	KONSOL 1	CV	ON OFF VALVE
3014461	100	KONSOL 1	CV	ON OFF VALVE
3014462	100	KONSOL 1	CV	ON OFF VALVE
3014463	100	KONSOL 1	CV	ON OFF VALVE
3014464	100	KONSOL 1	CV	ON OFF VALVE
3014465	100	KONSOL 1	CV	ON OFF VALVE
3014466	100	KONSOL 1	CV	ON OFF VALVE
3014467	100	KONSOL 1	CV	ON OFF VALVE
3014473	100	KONSOL 1	CV	ON OFF VALVE
3014476	100	KONSOL 1	CV	ON OFF VALVE
3014479	100	KONSOL 1	CV	ON OFF VALVE
3014480	100	KONSOL 1	CV	ON OFF VALVE
3014481	100	KONSOL 1	CV	ON OFF VALVE
3014482	100	KONSOL 1	CV	ON OFF VALVE
3014483	100	KONSOL 1	CV	ON OFF VALVE
3014486	100	KONSOL 1	CV	ON OFF VALVE
3014490	100	KONSOL 1	CV	ON OFF VALVE
3014491	100	KONSOL 1	CV	ON OFF VALVE
3014492	100	KONSOL 1	CV	ON OFF VALVE
3014493	100	KONSOL 1	CV	ON OFF VALVE
3014693	110	KONSOL 1	DPL	DP LEVEL TRANSMITTER
3014694	110	KONSOL 1	DPL	DP LEVEL TRANSMITTER
3014695	110	KONSOL 1	DPL	DP LEVEL TRANSMITTER
3014696	110	KONSOL 1	DPL	DP LEVEL TRANSMITTER
3014697	110	KONSOL 1	DPL	DP LEVEL TRANSMITTER
3014701	110	KONSOL 1	DPL	DP LEVEL TRANSMITTER
3014702	110	KONSOL 1	DPL	DP LEVEL TRANSMITTER
3014703	110	KONSOL 1	DPL	DP LEVEL TRANSMITTER
3014706	110	KONSOL 1	DPL	DP LEVEL TRANSMITTER
3014707	110	KONSOL 1	DPL	DP LEVEL TRANSMITTER
3014708	110	KONSOL 1	DPL	DP LEVEL TRANSMITTER
3014719	110	KONSOL 1	DPL	DP LEVEL TRANSMITTER
3014720	110	KONSOL 1	DPL	DP LEVEL TRANSMITTER
3014721	110	KONSOL 1	DPL	DP LEVEL TRANSMITTER
3014724	110	KONSOL 1	DPL	DP LEVEL TRANSMITTER
3014729	110	KONSOL 1	DPL	DP LEVEL TRANSMITTER
3014730	110	KONSOL 1	DPL	DP LEVEL TRANSMITTER
3014731	110	KONSOL 1	DPL	DP LEVEL TRANSMITTER
3014738	110	KONSOL 1	DPL	DP LEVEL TRANSMITTER
3014739	110	KONSOL 1	DPL	DP LEVEL TRANSMITTER
3014740	110	KONSOL 1	DPL	DP LEVEL TRANSMITTER
3014742	110	KONSOL 1	DPL	DP LEVEL TRANSMITTER
3014743	110	KONSOL 1	DPL	DP LEVEL TRANSMITTER
3014744	110	KONSOL 1	DPL	DP LEVEL TRANSMITTER
3014773	110	KONSOL 1	DPL	DP LEVEL TRANSMITTER
3014774	110	KONSOL 1	DPL	DP LEVEL TRANSMITTER
3014775	110	KONSOL 1	DPL	DP LEVEL TRANSMITTER
3014786	110	KONSOL 1	PT	PRESSURE TRANSMITTER
3014787	110	KONSOL 1	PT	PRESSURE TRANSMITTER
3014788	110	KONSOL 1	PT	PRESSURE TRANSMITTER
3014794	110	KONSOL 1	PT	PRESSURE TRANSMITTER
3014795	110	KONSOL 1	PT	PRESSURE TRANSMITTER
3014796	110	KONSOL 1	PT	PRESSURE TRANSMITTER
3015978	110	KONSOL 1	PT	PRESSURE TRANSMITTER
3015979	110	KONSOL 1	PT	PRESSURE TRANSMITTER
3015980	110	KONSOL 1	PT	PRESSURE TRANSMITTER
3015987	110	KONSOL 1	PT	PRESSURE TRANSMITTER
3016005	110	KONSOL 1	PT	PRESSURE TRANSMITTER
3014882	110	KONSOL 1	PT	PRESSURE TRANSMITTER
3014883	110	KONSOL 1	PT	PRESSURE TRANSMITTER
3014884	110	KONSOL 1	PT	PRESSURE TRANSMITTER
3014901	110	KONSOL 1	PT	PRESSURE TRANSMITTER
3014902	110	KONSOL 1	PT	PRESSURE TRANSMITTER
3014903	110	KONSOL 1	PT	PRESSURE TRANSMITTER
3015022	110	KONSOL 1	TT	TEMPERATURE TRANSMITTER
3015024	110	KONSOL 1	TT	TEMPERATURE TRANSMITTER
3015026	110	KONSOL 1	TT	TEMPERATURE TRANSMITTER
3015037	110	KONSOL 1	TT	TEMPERATURE TRANSMITTER
3015039	110	KONSOL 1	TT	TEMPERATURE TRANSMITTER
3015041	110	KONSOL 1	TT	TEMPERATURE TRANSMITTER
3067916	110	KONSOL 1	TT	TEMPERATURE TRANSMITTER
3067951	110	KONSOL 1	TT	TEMPERATURE TRANSMITTER
3067962	110	KONSOL 1	TT	TEMPERATURE TRANSMITTER
3067973	110	KONSOL 1	TT	TEMPERATURE TRANSMITTER
3067984	110	KONSOL 1	TT	TEMPERATURE TRANSMITTER
3067995	110	KONSOL 1	TT	TEMPERATURE TRANSMITTER
3068006	110	KONSOL 1	TT	TEMPERATURE TRANSMITTER
3068017	110	KONSOL 1	TT	TEMPERATURE TRANSMITTER
3068028	110	KONSOL 1	TT	TEMPERATURE TRANSMITTER
3067917	110	KONSOL 1	TT	TEMPERATURE TRANSMITTER
3067928	110	KONSOL 1	TT	TEMPERATURE TRANSMITTER
3067939	110	KONSOL 1	TT	TEMPERATURE TRANSMITTER
3067944	110	KONSOL 1	TT	TEMPERATURE TRANSMITTER
3067945	110	KONSOL 1	TT	TEMPERATURE TRANSMITTER
3067946	110	KONSOL 1	TT	TEMPERATURE TRANSMITTER
3067947	110	KONSOL 1	TT	TEMPERATURE TRANSMITTER
3067948	110	KONSOL 1	TT	TEMPERATURE TRANSMITTER
3067949	110	KONSOL 1	TT	TEMPERATURE TRANSMITTER
3067950	110	KONSOL 1	TT	TEMPERATURE TRANSMITTER
3067952	110	KONSOL 1	TT	TEMPERATURE TRANSMITTER
3067953	110	KONSOL 1	TT	TEMPERATURE TRANSMITTER
3067954	110	KONSOL 1	TT	TEMPERATURE TRANSMITTER
3067955	110	KONSOL 1	TT	TEMPERATURE TRANSMITTER
3067956	110	KONSOL 1	TT	TEMPERATURE TRANSMITTER
3016066	110	KONSOL 1	TT	TEMPERATURE TRANSMITTER
3067957	110	KONSOL 1	TT	TEMPERATURE TRANSMITTER
3067958	110	KONSOL 1	TT	TEMPERATURE TRANSMITTER
3067959	110	KONSOL 1	TT	TEMPERATURE TRANSMITTER
3067960	110	KONSOL 1	TT	TEMPERATURE TRANSMITTER
3067961	110	KONSOL 1	TT	TEMPERATURE TRANSMITTER
3067963	110	KONSOL 1	TT	TEMPERATURE TRANSMITTER
3067964	110	KONSOL 1	TT	TEMPERATURE TRANSMITTER
3067965	110	KONSOL 1	TT	TEMPERATURE TRANSMITTER
3067966	110	KONSOL 1	TT	TEMPERATURE TRANSMITTER
3067967	110	KONSOL 1	TT	TEMPERATURE TRANSMITTER
3067968	110	KONSOL 1	TT	TEMPERATURE TRANSMITTER
3067969	110	KONSOL 1	TT	TEMPERATURE TRANSMITTER
3067970	110	KONSOL 1	TT	TEMPERATURE TRANSMITTER
3067971	110	KONSOL 1	TT	TEMPERATURE TRANSMITTER
3067972	110	KONSOL 1	TT	TEMPERATURE TRANSMITTER
3067974	110	KONSOL 1	TT	TEMPERATURE TRANSMITTER
3067975	110	KONSOL 1	TT	TEMPERATURE TRANSMITTER
3067976	110	KONSOL 1	TT	TEMPERATURE TRANSMITTER
3067977	110	KONSOL 1	TT	TEMPERATURE TRANSMITTER
3067978	110	KONSOL 1	TT	TEMPERATURE TRANSMITTER
3067979	110	KONSOL 1	TT	TEMPERATURE TRANSMITTER
3067980	110	KONSOL 1	TT	TEMPERATURE TRANSMITTER
3067981	110	KONSOL 1	TT	TEMPERATURE TRANSMITTER
3067982	110	KONSOL 1	TT	TEMPERATURE TRANSMITTER
3016072	110	KONSOL 1	TT	TEMPERATURE TRANSMITTER
3016074	110	KONSOL 1	TT	TEMPERATURE TRANSMITTER
3016075	110	KONSOL 1	TT	TEMPERATURE TRANSMITTER
3016076	110	KONSOL 1	TT	TEMPERATURE TRANSMITTER
3015560	110	KONSOL 1	TT	TEMPERATURE TRANSMITTER
3015738	110	KONSOL 1	CV	ON OFF VALVE
3015741	110	KONSOL 1	CV	ON OFF VALVE
3015745	110	KONSOL 1	CV	ON OFF VALVE
3015746	110	KONSOL 1	CV	ON OFF VALVE
3015750	110	KONSOL 1	CV	ON OFF VALVE
3015762	110	KONSOL 1	CV	ON OFF VALVE
3015763	110	KONSOL 1	CV	ON OFF VALVE
3016103	110	KONSOL 1	VT	VIBRATION TRANSMITTER
3016104	110	KONSOL 1	VT	VIBRATION TRANSMITTER
3016105	110	KONSOL 1	VT	VIBRATION TRANSMITTER
3016106	110	KONSOL 1	VT	VIBRATION TRANSMITTER
3016109	110	KONSOL 1	VT	VIBRATION TRANSMITTER
3016110	110	KONSOL 1	VT	VIBRATION TRANSMITTER
3016113	110	KONSOL 1	VT	VIBRATION TRANSMITTER
3016114	110	KONSOL 1	VT	VIBRATION TRANSMITTER
3016121	110	KONSOL 1	VT	VIBRATION TRANSMITTER
3016122	110	KONSOL 1	VT	VIBRATION TRANSMITTER
3016123	110	KONSOL 1	VT	VIBRATION TRANSMITTER
3016124	110	KONSOL 1	VT	VIBRATION TRANSMITTER
3016125	110	KONSOL 1	VT	VIBRATION TRANSMITTER
3016126	110	KONSOL 1	VT	VIBRATION TRANSMITTER
3016127	110	KONSOL 1	VT	VIBRATION TRANSMITTER
3016128	110	KONSOL 1	VT	VIBRATION TRANSMITTER
3016129	110	KONSOL 1	VT	VIBRATION TRANSMITTER
3016130	110	KONSOL 1	VT	VIBRATION TRANSMITTER
3016131	110	KONSOL 1	VT	VIBRATION TRANSMITTER
3016132	110	KONSOL 1	VT	VIBRATION TRANSMITTER
3016168	116	KONSOL 2	DPL	DP LEVEL TRANSMITTER
3016171	116	KONSOL 2	DPL	DP LEVEL TRANSMITTER
3016172	116	KONSOL 2	DPL	DP LEVEL TRANSMITTER
3016173	116	KONSOL 2	DPL	DP LEVEL TRANSMITTER
3016174	116	KONSOL 2	DPL	DP LEVEL TRANSMITTER
3016175	116	KONSOL 2	DPL	DP LEVEL TRANSMITTER
3016262	116	KONSOL 2	CV	ON OFF VALVE
3016264	116	KONSOL 2	CV	ON OFF VALVE
3016265	116	KONSOL 2	CV	ON OFF VALVE
3016266	116	KONSOL 2	CV	ON OFF VALVE
3059377	120	KONSOL 8	BE	PILOT FLAME DETECTOR
3059378	120	KONSOL 8	BE	PILOT FLAME DETECTOR
3059379	120	KONSOL 8	BE	PILOT FLAME DETECTOR
3059380	120	KONSOL 8	BE	PILOT FLAME DETECTOR
3059381	120	KONSOL 8	BE	PILOT FLAME DETECTOR
3059382	120	KONSOL 8	BE	PILOT FLAME DETECTOR
3059383	120	KONSOL 8	BE	PILOT FLAME DETECTOR
3059384	120	KONSOL 8	BE	PILOT FLAME DETECTOR
3059385	120	KONSOL 8	BE	PILOT FLAME DETECTOR
3016355	120	KONSOL 8	DPF	DP FLOW TRANSMITTER
3016356	120	KONSOL 8	DPF	DP FLOW TRANSMITTER
3016357	120	KONSOL 8	DPF	DP FLOW TRANSMITTER
3016593	120	KONSOL 8	DPL	DP LEVEL TRANSMITTER
3016594	120	KONSOL 8	DPL	DP LEVEL TRANSMITTER
3016595	120	KONSOL 8	DPL	DP LEVEL TRANSMITTER
3055164	120	KONSOL 8	LDT	LEVEL DISPLACER TRANSMITTER
3055165	120	KONSOL 8	LDT	LEVEL DISPLACER TRANSMITTER
3055166	120	KONSOL 8	LDT	LEVEL DISPLACER TRANSMITTER
3016678	120	KONSOL 8	PT	PRESSURE TRANSMITTER
3016679	120	KONSOL 8	PT	PRESSURE TRANSMITTER
3016680	120	KONSOL 8	PT	PRESSURE TRANSMITTER
3016685	120	KONSOL 8	PT	PRESSURE TRANSMITTER
3016683	120	KONSOL 8	PT	PRESSURE TRANSMITTER
3016684	120	KONSOL 8	PT	PRESSURE TRANSMITTER
3016717	120	KONSOL 8	PT	PRESSURE TRANSMITTER
3016718	120	KONSOL 8	PT	PRESSURE TRANSMITTER
3016719	120	KONSOL 8	PT	PRESSURE TRANSMITTER
3016810	120	KONSOL 8	PT	PRESSURE TRANSMITTER
3016811	120	KONSOL 8	PT	PRESSURE TRANSMITTER
3016812	120	KONSOL 8	PT	PRESSURE TRANSMITTER
3016843	120	KONSOL 8	PT	PRESSURE TRANSMITTER
3016844	120	KONSOL 8	PT	PRESSURE TRANSMITTER
3016845	120	KONSOL 8	PT	PRESSURE TRANSMITTER
3016850	120	KONSOL 8	PT	PRESSURE TRANSMITTER
3016849	120	KONSOL 8	PT	PRESSURE TRANSMITTER
3016848	120	KONSOL 8	PT	PRESSURE TRANSMITTER
3016690	120	KONSOL 8	CV	ON OFF VALVE
3016825	120	KONSOL 8	CV	ON OFF VALVE
3018394	120	KONSOL 8	CV	ON OFF VALVE
3018410	120	KONSOL 8	CV	ON OFF VALVE
3018414	120	KONSOL 8	CV	ON OFF VALVE
3018421	120	KONSOL 8	CV	ON OFF VALVE
3018422	120	KONSOL 8	CV	ON OFF VALVE
3018423	120	KONSOL 8	CV	ON OFF VALVE
3018424	120	KONSOL 8	CV	ON OFF VALVE
3018425	120	KONSOL 8	CV	ON OFF VALVE
3018430	120	KONSOL 8	CV	ON OFF VALVE
3018432	120	KONSOL 8	CV	ON OFF VALVE
3018434	120	KONSOL 8	CV	ON OFF VALVE
3018437	120	KONSOL 8	CV	ON OFF VALVE
3018438	120	KONSOL 8	CV	ON OFF VALVE
3018439	120	KONSOL 8	CV	ON OFF VALVE
3018440	120	KONSOL 8	CV	ON OFF VALVE
3018443	120	KONSOL 8	CV	ON OFF VALVE
3018444	120	KONSOL 8	CV	ON OFF VALVE
3018445	120	KONSOL 8	CV	ON OFF VALVE
3018446	120	KONSOL 8	CV	ON OFF VALVE
3068012	130	KONSOL 7	BT	FLAME SCANNER
3068013	130	KONSOL 7	BT	FLAME SCANNER
3068014	130	KONSOL 7	BT	FLAME SCANNER
3068015	130	KONSOL 7	BT	FLAME SCANNER
3068020	130	KONSOL 7	BT	FLAME SCANNER
3068021	130	KONSOL 7	BT	FLAME SCANNER
3068022	130	KONSOL 7	BT	FLAME SCANNER
3018588	130	KONSOL 7	DPF	DP FLOW TRANSMITTER
3018590	130	KONSOL 7	DPF	DP FLOW TRANSMITTER
3018589	130	KONSOL 7	DPF	DP FLOW TRANSMITTER
3018623	130	KONSOL 7	DPF	DP FLOW TRANSMITTER
3018621	130	KONSOL 7	DPF	DP FLOW TRANSMITTER
3018622	130	KONSOL 7	DPF	DP FLOW TRANSMITTER
3018653	130	KONSOL 7	CV	ON OFF VALVE
3018794	130	KONSOL 7	DPL	DP LEVEL TRANSMITTER
3018802	130	KONSOL 7	DPL	DP LEVEL TRANSMITTER
3018803	130	KONSOL 7	DPL	DP LEVEL TRANSMITTER
3018804	130	KONSOL 7	DPL	DP LEVEL TRANSMITTER
3018885	130	KONSOL 7	PT	PRESSURE TRANSMITTER
3018886	130	KONSOL 7	PT	PRESSURE TRANSMITTER
3018887	130	KONSOL 7	PT	PRESSURE TRANSMITTER
3018897	130	KONSOL 7	PT	PRESSURE TRANSMITTER
3018900	130	KONSOL 7	PT	PRESSURE TRANSMITTER
3018899	130	KONSOL 7	PT	PRESSURE TRANSMITTER
3018898	130	KONSOL 7	PT	PRESSURE TRANSMITTER
3018984	130	KONSOL 7	PT	PRESSURE TRANSMITTER
3018985	130	KONSOL 7	PT	PRESSURE TRANSMITTER
3018986	130	KONSOL 7	PT	PRESSURE TRANSMITTER
3018654	130	KONSOL 7	PT	PRESSURE TRANSMITTER
3018992	130	KONSOL 7	PT	PRESSURE TRANSMITTER
3018993	130	KONSOL 7	PT	PRESSURE TRANSMITTER
3018994	130	KONSOL 7	PT	PRESSURE TRANSMITTER
3020004	130	KONSOL 7	CV	ON OFF VALVE
3020016	130	KONSOL 7	CV	ON OFF VALVE
3020026	130	KONSOL 7	CV	ON OFF VALVE
3020027	130	KONSOL 7	CV	ON OFF VALVE
3020029	130	KONSOL 7	CV	ON OFF VALVE
3020030	130	KONSOL 7	CV	ON OFF VALVE
3020033	130	KONSOL 7	CV	ON OFF VALVE
3020034	130	KONSOL 7	CV	ON OFF VALVE
3020036	130	KONSOL 7	CV	ON OFF VALVE
3020037	130	KONSOL 7	CV	ON OFF VALVE
3020087	140	KONSOL 7	BE	PILOT FLAME DETECTOR
3020090	140	KONSOL 7	BE	PILOT FLAME DETECTOR
3020093	140	KONSOL 7	BE	PILOT FLAME DETECTOR
3020096	140	KONSOL 7	BE	PILOT FLAME DETECTOR
3020099	140	KONSOL 7	BE	PILOT FLAME DETECTOR
3020102	140	KONSOL 7	BE	PILOT FLAME DETECTOR
3020105	140	KONSOL 7	BE	PILOT FLAME DETECTOR
3020108	140	KONSOL 7	BE	PILOT FLAME DETECTOR
3020111	140	KONSOL 7	BE	PILOT FLAME DETECTOR
3020086	140	KONSOL 7	BT	FLAME SCANNER
3020089	140	KONSOL 7	BT	FLAME SCANNER
3020092	140	KONSOL 7	BT	FLAME SCANNER
3020095	140	KONSOL 7	BT	FLAME SCANNER
3020098	140	KONSOL 7	BT	FLAME SCANNER
3020101	140	KONSOL 7	BT	FLAME SCANNER
3020104	140	KONSOL 7	BT	FLAME SCANNER
3020107	140	KONSOL 7	BT	FLAME SCANNER
3020110	140	KONSOL 7	BT	FLAME SCANNER
3020130	140	KONSOL 7	CV	ON OFF VALVE
3020178	140	KONSOL 7	CV	ON OFF VALVE
3020264	140	KONSOL 7	DPL	DP LEVEL TRANSMITTER
3020273	140	KONSOL 7	DPL	RADAR LEVEL TRANSMITTER
3020276	140	KONSOL 7	DPL	DP LEVEL TRANSMITTER
3020277	140	KONSOL 7	DPL	DP LEVEL TRANSMITTER
3020278	140	KONSOL 7	DPL	DP LEVEL TRANSMITTER
3020280	140	KONSOL 7	DPL	DP LEVEL TRANSMITTER
3020281	140	KONSOL 7	DPL	DP LEVEL TRANSMITTER
3020282	140	KONSOL 7	DPL	DP LEVEL TRANSMITTER
3020290	140	KONSOL 7	DPL	DP LEVEL TRANSMITTER
3020291	140	KONSOL 7	DPL	DP LEVEL TRANSMITTER
3020292	140	KONSOL 7	DPL	DP LEVEL TRANSMITTER
3020293	140	KONSOL 7	DPL	DP LEVEL TRANSMITTER
3020294	140	KONSOL 7	DPL	DP LEVEL TRANSMITTER
3020295	140	KONSOL 7	DPL	DP LEVEL TRANSMITTER
3022183	140	KONSOL 7	DPL	DP LEVEL TRANSMITTER
3022184	140	KONSOL 7	DPL	DP LEVEL TRANSMITTER
3022185	140	KONSOL 7	DPL	DP LEVEL TRANSMITTER
3020347	140	KONSOL 7	DPL	DP LEVEL TRANSMITTER
3020348	140	KONSOL 7	DPL	DP LEVEL TRANSMITTER
3020349	140	KONSOL 7	DPL	DP LEVEL TRANSMITTER
3020399	140	KONSOL 7	PT	PRESSURE TRANSMITTER
3020400	140	KONSOL 7	PT	PRESSURE TRANSMITTER
3020401	140	KONSOL 7	PT	PRESSURE TRANSMITTER
3020405	140	KONSOL 7	PT	PRESSURE TRANSMITTER
3020406	140	KONSOL 7	PT	PRESSURE TRANSMITTER
3020407	140	KONSOL 7	PT	PRESSURE TRANSMITTER
3020408	140	KONSOL 7	PT	PRESSURE TRANSMITTER
3022242	140	KONSOL 7	PT	PRESSURE TRANSMITTER
3022243	140	KONSOL 7	PT	PRESSURE TRANSMITTER
3022244	140	KONSOL 7	PT	PRESSURE TRANSMITTER
3020669	140	KONSOL 7	TT	TEMPERATURE TRANSMITTER
3020670	140	KONSOL 7	TT	TEMPERATURE TRANSMITTER
3020671	140	KONSOL 7	TT	TEMPERATURE TRANSMITTER
3020939	140	KONSOL 7	TT	TEMPERATURE TRANSMITTER
3020940	140	KONSOL 7	TT	TEMPERATURE TRANSMITTER
3020941	140	KONSOL 7	TT	TEMPERATURE TRANSMITTER
3020943	140	KONSOL 7	TT	TEMPERATURE TRANSMITTER
3020944	140	KONSOL 7	TT	TEMPERATURE TRANSMITTER
3020945	140	KONSOL 7	TT	TEMPERATURE TRANSMITTER
3020947	140	KONSOL 7	TT	TEMPERATURE TRANSMITTER
3020948	140	KONSOL 7	TT	TEMPERATURE TRANSMITTER
3020949	140	KONSOL 7	TT	TEMPERATURE TRANSMITTER
3020951	140	KONSOL 7	TT	TEMPERATURE TRANSMITTER
3020952	140	KONSOL 7	TT	TEMPERATURE TRANSMITTER
3020953	140	KONSOL 7	TT	TEMPERATURE TRANSMITTER
3020955	140	KONSOL 7	TT	TEMPERATURE TRANSMITTER
3020956	140	KONSOL 7	TT	TEMPERATURE TRANSMITTER
3020957	140	KONSOL 7	TT	TEMPERATURE TRANSMITTER
3020959	140	KONSOL 7	TT	TEMPERATURE TRANSMITTER
3020960	140	KONSOL 7	TT	TEMPERATURE TRANSMITTER
3020961	140	KONSOL 7	TT	TEMPERATURE TRANSMITTER
3020963	140	KONSOL 7	TT	TEMPERATURE TRANSMITTER
3020964	140	KONSOL 7	TT	TEMPERATURE TRANSMITTER
3020965	140	KONSOL 7	TT	TEMPERATURE TRANSMITTER
3020967	140	KONSOL 7	TT	TEMPERATURE TRANSMITTER
3020968	140	KONSOL 7	TT	TEMPERATURE TRANSMITTER
3020969	140	KONSOL 7	TT	TEMPERATURE TRANSMITTER
3020971	140	KONSOL 7	TT	TEMPERATURE TRANSMITTER
3020972	140	KONSOL 7	TT	TEMPERATURE TRANSMITTER
3020973	140	KONSOL 7	TT	TEMPERATURE TRANSMITTER
3021011	140	KONSOL 7	TT	TEMPERATURE TRANSMITTER
3021012	140	KONSOL 7	TT	TEMPERATURE TRANSMITTER
3021013	140	KONSOL 7	TT	TEMPERATURE TRANSMITTER
3021015	140	KONSOL 7	TT	TEMPERATURE TRANSMITTER
3021016	140	KONSOL 7	TT	TEMPERATURE TRANSMITTER
3021017	140	KONSOL 7	TT	TEMPERATURE TRANSMITTER
3021019	140	KONSOL 7	TT	TEMPERATURE TRANSMITTER
3021020	140	KONSOL 7	TT	TEMPERATURE TRANSMITTER
3021021	140	KONSOL 7	TT	TEMPERATURE TRANSMITTER
3021023	140	KONSOL 7	TT	TEMPERATURE TRANSMITTER
3021024	140	KONSOL 7	TT	TEMPERATURE TRANSMITTER
3021025	140	KONSOL 7	TT	TEMPERATURE TRANSMITTER
3021027	140	KONSOL 7	TT	TEMPERATURE TRANSMITTER
3021028	140	KONSOL 7	TT	TEMPERATURE TRANSMITTER
3021029	140	KONSOL 7	TT	TEMPERATURE TRANSMITTER
3021031	140	KONSOL 7	TT	TEMPERATURE TRANSMITTER
3021032	140	KONSOL 7	TT	TEMPERATURE TRANSMITTER
3021033	140	KONSOL 7	TT	TEMPERATURE TRANSMITTER
3021035	140	KONSOL 7	TT	TEMPERATURE TRANSMITTER
3021036	140	KONSOL 7	TT	TEMPERATURE TRANSMITTER
3021037	140	KONSOL 7	TT	TEMPERATURE TRANSMITTER
3021039	140	KONSOL 7	TT	TEMPERATURE TRANSMITTER
3021040	140	KONSOL 7	TT	TEMPERATURE TRANSMITTER
3021041	140	KONSOL 7	TT	TEMPERATURE TRANSMITTER
3021043	140	KONSOL 7	TT	TEMPERATURE TRANSMITTER
3021044	140	KONSOL 7	TT	TEMPERATURE TRANSMITTER
3021045	140	KONSOL 7	TT	TEMPERATURE TRANSMITTER
3021083	140	KONSOL 7	TT	TEMPERATURE TRANSMITTER
3021084	140	KONSOL 7	TT	TEMPERATURE TRANSMITTER
3021085	140	KONSOL 7	TT	TEMPERATURE TRANSMITTER
3021087	140	KONSOL 7	TT	TEMPERATURE TRANSMITTER
3021088	140	KONSOL 7	TT	TEMPERATURE TRANSMITTER
3021089	140	KONSOL 7	TT	TEMPERATURE TRANSMITTER
3021091	140	KONSOL 7	TT	TEMPERATURE TRANSMITTER
3021092	140	KONSOL 7	TT	TEMPERATURE TRANSMITTER
3021093	140	KONSOL 7	TT	TEMPERATURE TRANSMITTER
3021095	140	KONSOL 7	TT	TEMPERATURE TRANSMITTER
3021096	140	KONSOL 7	TT	TEMPERATURE TRANSMITTER
3021097	140	KONSOL 7	TT	TEMPERATURE TRANSMITTER
3021099	140	KONSOL 7	TT	TEMPERATURE TRANSMITTER
3021100	140	KONSOL 7	TT	TEMPERATURE TRANSMITTER
3021101	140	KONSOL 7	TT	TEMPERATURE TRANSMITTER
3021103	140	KONSOL 7	TT	TEMPERATURE TRANSMITTER
3021104	140	KONSOL 7	TT	TEMPERATURE TRANSMITTER
3021105	140	KONSOL 7	TT	TEMPERATURE TRANSMITTER
3021107	140	KONSOL 7	TT	TEMPERATURE TRANSMITTER
3021108	140	KONSOL 7	TT	TEMPERATURE TRANSMITTER
3021109	140	KONSOL 7	TT	TEMPERATURE TRANSMITTER
3021111	140	KONSOL 7	TT	TEMPERATURE TRANSMITTER
3021112	140	KONSOL 7	TT	TEMPERATURE TRANSMITTER
3021113	140	KONSOL 7	TT	TEMPERATURE TRANSMITTER
3021115	140	KONSOL 7	TT	TEMPERATURE TRANSMITTER
3021116	140	KONSOL 7	TT	TEMPERATURE TRANSMITTER
3021117	140	KONSOL 7	TT	TEMPERATURE TRANSMITTER
3021879	140	KONSOL 7	CV	ON OFF VALVE
3021880	140	KONSOL 7	CV	ON OFF VALVE
3021881	140	KONSOL 7	CV	ON OFF VALVE
3021882	140	KONSOL 7	CV	ON OFF VALVE
3021889	140	KONSOL 7	CV	ON OFF VALVE
3021895	140	KONSOL 7	CV	ON OFF VALVE
3021896	140	KONSOL 7	CV	ON OFF VALVE
3021897	140	KONSOL 7	CV	ON OFF VALVE
3021898	140	KONSOL 7	CV	ON OFF VALVE
3021899	140	KONSOL 7	CV	ON OFF VALVE
3021900	140	KONSOL 7	CV	ON OFF VALVE
3021917	140	KONSOL 7	CV	ON OFF VALVE
3021918	140	KONSOL 7	CV	ON OFF VALVE
3023083	150	KONSOL 5	DPF	DP FLOW TRANSMITTER
3023084	150	KONSOL 5	DPF	DP FLOW TRANSMITTER
3023085	150	KONSOL 5	DPF	DP FLOW TRANSMITTER
3023088	150	KONSOL 5	DPF	DP FLOW TRANSMITTER
3023089	150	KONSOL 5	DPF	DP FLOW TRANSMITTER
3023090	150	KONSOL 5	DPF	DP FLOW TRANSMITTER
3055457	150	KONSOL 5	LDT	LEVEL DISPLACER TRANSMITTER
3055458	150	KONSOL 5	LDT	LEVEL DISPLACER TRANSMITTER
3055459	150	KONSOL 5	LDT	LEVEL DISPLACER TRANSMITTER
3023598	150	KONSOL 5	PT	PRESSURE TRANSMITTER
3023599	150	KONSOL 5	PT	PRESSURE TRANSMITTER
3023600	150	KONSOL 5	PT	PRESSURE TRANSMITTER
3023838	150	KONSOL 5	PT	PRESSURE TRANSMITTER
3024158	150	KONSOL 5	TT	TEMPERATURE TRANSMITTER
3024161	150	KONSOL 5	TT	TEMPERATURE TRANSMITTER
3024164	150	KONSOL 5	TT	TEMPERATURE TRANSMITTER
3024550	150	KONSOL 5	INS	TEMPERATURE TRANSMITTER
3024551	150	KONSOL 5	INS	TEMPERATURE TRANSMITTER
3024552	150	KONSOL 5	INS	TEMPERATURE TRANSMITTER
3024553	150	KONSOL 5	INS	TEMPERATURE TRANSMITTER
3024554	150	KONSOL 5	INS	TEMPERATURE TRANSMITTER
3024555	150	KONSOL 5	INS	TEMPERATURE TRANSMITTER
3024556	150	KONSOL 5	INS	TEMPERATURE TRANSMITTER
3024557	150	KONSOL 5	INS	TEMPERATURE TRANSMITTER
3024558	150	KONSOL 5	INS	TEMPERATURE TRANSMITTER
3024559	150	KONSOL 5	INS	TEMPERATURE TRANSMITTER
3024560	150	KONSOL 5	INS	TEMPERATURE TRANSMITTER
3024561	150	KONSOL 5	INS	TEMPERATURE TRANSMITTER
3024562	150	KONSOL 5	INS	TEMPERATURE TRANSMITTER
3024563	150	KONSOL 5	INS	TEMPERATURE TRANSMITTER
3024564	150	KONSOL 5	INS	TEMPERATURE TRANSMITTER
3024565	150	KONSOL 5	INS	TEMPERATURE TRANSMITTER
3024566	150	KONSOL 5	INS	TEMPERATURE TRANSMITTER
3024567	150	KONSOL 5	INS	TEMPERATURE TRANSMITTER
3024568	150	KONSOL 5	INS	TEMPERATURE TRANSMITTER
3024569	150	KONSOL 5	INS	TEMPERATURE TRANSMITTER
3024570	150	KONSOL 5	INS	TEMPERATURE TRANSMITTER
3024571	150	KONSOL 5	INS	TEMPERATURE TRANSMITTER
3024572	150	KONSOL 5	INS	TEMPERATURE TRANSMITTER
3024573	150	KONSOL 5	INS	TEMPERATURE TRANSMITTER
3024574	150	KONSOL 5	INS	TEMPERATURE TRANSMITTER
3024575	150	KONSOL 5	INS	TEMPERATURE TRANSMITTER
3024576	150	KONSOL 5	INS	TEMPERATURE TRANSMITTER
3024577	150	KONSOL 5	INS	TEMPERATURE TRANSMITTER
3024578	150	KONSOL 5	INS	TEMPERATURE TRANSMITTER
3024579	150	KONSOL 5	INS	TEMPERATURE TRANSMITTER
3024580	150	KONSOL 5	INS	TEMPERATURE TRANSMITTER
3025098	150	KONSOL 5	TT	TEMPERATURE TRANSMITTER
3025100	150	KONSOL 5	TT	TEMPERATURE TRANSMITTER
3025102	150	KONSOL 5	TT	TEMPERATURE TRANSMITTER
3025104	150	KONSOL 5	TT	TEMPERATURE TRANSMITTER
3025106	150	KONSOL 5	TT	TEMPERATURE TRANSMITTER
3025108	150	KONSOL 5	TT	TEMPERATURE TRANSMITTER
3025110	150	KONSOL 5	TT	TEMPERATURE TRANSMITTER
3025112	150	KONSOL 5	TT	TEMPERATURE TRANSMITTER
3025114	150	KONSOL 5	TT	TEMPERATURE TRANSMITTER
3025116	150	KONSOL 5	TT	TEMPERATURE TRANSMITTER
3025118	150	KONSOL 5	TT	TEMPERATURE TRANSMITTER
3025120	150	KONSOL 5	TT	TEMPERATURE TRANSMITTER
3025122	150	KONSOL 5	TT	TEMPERATURE TRANSMITTER
3025124	150	KONSOL 5	TT	TEMPERATURE TRANSMITTER
3025126	150	KONSOL 5	TT	TEMPERATURE TRANSMITTER
3025128	150	KONSOL 5	TT	TEMPERATURE TRANSMITTER
3025130	150	KONSOL 5	TT	TEMPERATURE TRANSMITTER
3025132	150	KONSOL 5	TT	TEMPERATURE TRANSMITTER
3025134	150	KONSOL 5	TT	TEMPERATURE TRANSMITTER
3025136	150	KONSOL 5	TT	TEMPERATURE TRANSMITTER
3025138	150	KONSOL 5	TT	TEMPERATURE TRANSMITTER
3025140	150	KONSOL 5	TT	TEMPERATURE TRANSMITTER
3025142	150	KONSOL 5	TT	TEMPERATURE TRANSMITTER
3025144	150	KONSOL 5	TT	TEMPERATURE TRANSMITTER
3025146	150	KONSOL 5	TT	TEMPERATURE TRANSMITTER
3025148	150	KONSOL 5	TT	TEMPERATURE TRANSMITTER
3025150	150	KONSOL 5	TT	TEMPERATURE TRANSMITTER
3025152	150	KONSOL 5	TT	TEMPERATURE TRANSMITTER
3025154	150	KONSOL 5	TT	TEMPERATURE TRANSMITTER
3025156	150	KONSOL 5	TT	TEMPERATURE TRANSMITTER
3025158	150	KONSOL 5	TT	TEMPERATURE TRANSMITTER
3025160	150	KONSOL 5	TT	TEMPERATURE TRANSMITTER
3025162	150	KONSOL 5	TT	TEMPERATURE TRANSMITTER
3025164	150	KONSOL 5	TT	TEMPERATURE TRANSMITTER
3025166	150	KONSOL 5	TT	TEMPERATURE TRANSMITTER
3025168	150	KONSOL 5	TT	TEMPERATURE TRANSMITTER
3025170	150	KONSOL 5	TT	TEMPERATURE TRANSMITTER
3025172	150	KONSOL 5	TT	TEMPERATURE TRANSMITTER
3025174	150	KONSOL 5	TT	TEMPERATURE TRANSMITTER
3025176	150	KONSOL 5	TT	TEMPERATURE TRANSMITTER
3025178	150	KONSOL 5	TT	TEMPERATURE TRANSMITTER
3025180	150	KONSOL 5	TT	TEMPERATURE TRANSMITTER
3025182	150	KONSOL 5	TT	TEMPERATURE TRANSMITTER
3025184	150	KONSOL 5	TT	TEMPERATURE TRANSMITTER
3025186	150	KONSOL 5	TT	TEMPERATURE TRANSMITTER
3025188	150	KONSOL 5	TT	TEMPERATURE TRANSMITTER
3025190	150	KONSOL 5	TT	TEMPERATURE TRANSMITTER
3025192	150	KONSOL 5	TT	TEMPERATURE TRANSMITTER
3025194	150	KONSOL 5	TT	TEMPERATURE TRANSMITTER
3025196	150	KONSOL 5	TT	TEMPERATURE TRANSMITTER
3025198	150	KONSOL 5	TT	TEMPERATURE TRANSMITTER
3025200	150	KONSOL 5	TT	TEMPERATURE TRANSMITTER
3025202	150	KONSOL 5	TT	TEMPERATURE TRANSMITTER
3025204	150	KONSOL 5	TT	TEMPERATURE TRANSMITTER
3025206	150	KONSOL 5	TT	TEMPERATURE TRANSMITTER
3025208	150	KONSOL 5	TT	TEMPERATURE TRANSMITTER
3025210	150	KONSOL 5	TT	TEMPERATURE TRANSMITTER
3025212	150	KONSOL 5	TT	TEMPERATURE TRANSMITTER
3025214	150	KONSOL 5	TT	TEMPERATURE TRANSMITTER
3025216	150	KONSOL 5	TT	TEMPERATURE TRANSMITTER
3025218	150	KONSOL 5	TT	TEMPERATURE TRANSMITTER
3025220	150	KONSOL 5	TT	TEMPERATURE TRANSMITTER
3025222	150	KONSOL 5	TT	TEMPERATURE TRANSMITTER
3025224	150	KONSOL 5	TT	TEMPERATURE TRANSMITTER
3025226	150	KONSOL 5	TT	TEMPERATURE TRANSMITTER
3025228	150	KONSOL 5	TT	TEMPERATURE TRANSMITTER
3025230	150	KONSOL 5	TT	TEMPERATURE TRANSMITTER
3025232	150	KONSOL 5	TT	TEMPERATURE TRANSMITTER
3025234	150	KONSOL 5	TT	TEMPERATURE TRANSMITTER
3025236	150	KONSOL 5	TT	TEMPERATURE TRANSMITTER
3025238	150	KONSOL 5	TT	TEMPERATURE TRANSMITTER
3025240	150	KONSOL 5	TT	TEMPERATURE TRANSMITTER
3025242	150	KONSOL 5	TT	TEMPERATURE TRANSMITTER
3025244	150	KONSOL 5	TT	TEMPERATURE TRANSMITTER
3025246	150	KONSOL 5	TT	TEMPERATURE TRANSMITTER
3025248	150	KONSOL 5	TT	TEMPERATURE TRANSMITTER
3025250	150	KONSOL 5	TT	TEMPERATURE TRANSMITTER
3025252	150	KONSOL 5	TT	TEMPERATURE TRANSMITTER
3025254	150	KONSOL 5	TT	TEMPERATURE TRANSMITTER
3025256	150	KONSOL 5	TT	TEMPERATURE TRANSMITTER
3025258	150	KONSOL 5	TT	TEMPERATURE TRANSMITTER
3025260	150	KONSOL 5	TT	TEMPERATURE TRANSMITTER
3025262	150	KONSOL 5	TT	TEMPERATURE TRANSMITTER
3025264	150	KONSOL 5	TT	TEMPERATURE TRANSMITTER
3025266	150	KONSOL 5	TT	TEMPERATURE TRANSMITTER
3025268	150	KONSOL 5	TT	TEMPERATURE TRANSMITTER
3025270	150	KONSOL 5	TT	TEMPERATURE TRANSMITTER
3025272	150	KONSOL 5	TT	TEMPERATURE TRANSMITTER
3025274	150	KONSOL 5	TT	TEMPERATURE TRANSMITTER
3025276	150	KONSOL 5	TT	TEMPERATURE TRANSMITTER
3025278	150	KONSOL 5	TT	TEMPERATURE TRANSMITTER
3025280	150	KONSOL 5	TT	TEMPERATURE TRANSMITTER
3025282	150	KONSOL 5	TT	TEMPERATURE TRANSMITTER
3025284	150	KONSOL 5	TT	TEMPERATURE TRANSMITTER
3025286	150	KONSOL 5	TT	TEMPERATURE TRANSMITTER
3025288	150	KONSOL 5	TT	TEMPERATURE TRANSMITTER
3025290	150	KONSOL 5	TT	TEMPERATURE TRANSMITTER
3025292	150	KONSOL 5	TT	TEMPERATURE TRANSMITTER
3025294	150	KONSOL 5	TT	TEMPERATURE TRANSMITTER
3025296	150	KONSOL 5	TT	TEMPERATURE TRANSMITTER
3025298	150	KONSOL 5	TT	TEMPERATURE TRANSMITTER
3025300	150	KONSOL 5	TT	TEMPERATURE TRANSMITTER
3025302	150	KONSOL 5	TT	TEMPERATURE TRANSMITTER
3025304	150	KONSOL 5	TT	TEMPERATURE TRANSMITTER
3025306	150	KONSOL 5	TT	TEMPERATURE TRANSMITTER
3025308	150	KONSOL 5	TT	TEMPERATURE TRANSMITTER
3025310	150	KONSOL 5	TT	TEMPERATURE TRANSMITTER
3025312	150	KONSOL 5	TT	TEMPERATURE TRANSMITTER
3025314	150	KONSOL 5	TT	TEMPERATURE TRANSMITTER
3025316	150	KONSOL 5	TT	TEMPERATURE TRANSMITTER
3025318	150	KONSOL 5	TT	TEMPERATURE TRANSMITTER
3025320	150	KONSOL 5	TT	TEMPERATURE TRANSMITTER
3025322	150	KONSOL 5	TT	TEMPERATURE TRANSMITTER
3025324	150	KONSOL 5	TT	TEMPERATURE TRANSMITTER
3025326	150	KONSOL 5	TT	TEMPERATURE TRANSMITTER
3025328	150	KONSOL 5	TT	TEMPERATURE TRANSMITTER
3025330	150	KONSOL 5	TT	TEMPERATURE TRANSMITTER
3025332	150	KONSOL 5	TT	TEMPERATURE TRANSMITTER
3025334	150	KONSOL 5	TT	TEMPERATURE TRANSMITTER
3025336	150	KONSOL 5	TT	TEMPERATURE TRANSMITTER
3025338	150	KONSOL 5	TT	TEMPERATURE TRANSMITTER
3025340	150	KONSOL 5	TT	TEMPERATURE TRANSMITTER
3025342	150	KONSOL 5	TT	TEMPERATURE TRANSMITTER
3025344	150	KONSOL 5	TT	TEMPERATURE TRANSMITTER
3025346	150	KONSOL 5	TT	TEMPERATURE TRANSMITTER
3025348	150	KONSOL 5	TT	TEMPERATURE TRANSMITTER
3025350	150	KONSOL 5	TT	TEMPERATURE TRANSMITTER
3025352	150	KONSOL 5	TT	TEMPERATURE TRANSMITTER
3026879	150	KONSOL 5	CV	ON OFF VALVE
3026881	150	KONSOL 5	CV	ON OFF VALVE
3026889	150	KONSOL 5	CV	ON OFF VALVE
3026890	150	KONSOL 5	CV	ON OFF VALVE
3026891	150	KONSOL 5	CV	ON OFF VALVE
3026895	150	KONSOL 5	CV	ON OFF VALVE
3026897	150	KONSOL 5	CV	ON OFF VALVE
3026913	150	KONSOL 5	CV	ON OFF VALVE
3026914	150	KONSOL 5	CV	ON OFF VALVE
3029384	160	KONSOL 8	DPF	DP FLOW TRANSMITTER
3029385	160	KONSOL 8	DPF	DP FLOW TRANSMITTER
3029386	160	KONSOL 8	DPF	DP FLOW TRANSMITTER
3029426	160	KONSOL 8	DPF	DP FLOW TRANSMITTER
3029440	160	KONSOL 8	DPF	DP FLOW TRANSMITTER
3029441	160	KONSOL 8	DPF	DP FLOW TRANSMITTER
3029442	160	KONSOL 8	DPF	DP FLOW TRANSMITTER
3029443	160	KONSOL 8	DPF	DP FLOW TRANSMITTER
3029583	160	KONSOL 8	DPF	DP FLOW TRANSMITTER
3029586	160	KONSOL 8	DPF	DP FLOW TRANSMITTER
3029584	160	KONSOL 8	DPF	DP FLOW TRANSMITTER
3029585	160	KONSOL 8	DPF	DP FLOW TRANSMITTER
3055505	160	KONSOL 8	LDT	LEVEL DISPLACER TRANSMITTER
3055506	160	KONSOL 8	LDT	LEVEL DISPLACER TRANSMITTER
3055507	160	KONSOL 8	LDT	LEVEL DISPLACER TRANSMITTER
3055508	160	KONSOL 8	LDT	LEVEL DISPLACER TRANSMITTER
3055509	160	KONSOL 8	LDT	LEVEL DISPLACER TRANSMITTER
3055512	160	KONSOL 8	LDT	LEVEL DISPLACER TRANSMITTER
3055513	160	KONSOL 8	LDT	LEVEL DISPLACER TRANSMITTER
3055514	160	KONSOL 8	LDT	LEVEL DISPLACER TRANSMITTER
3055515	160	KONSOL 8	LDT	LEVEL DISPLACER TRANSMITTER
3055516	160	KONSOL 8	LDT	LEVEL DISPLACER TRANSMITTER
3055517	160	KONSOL 8	LDT	LEVEL DISPLACER TRANSMITTER
3055521	160	KONSOL 8	LDT	LEVEL DISPLACER TRANSMITTER
3055524	160	KONSOL 8	LDT	LEVEL DISPLACER TRANSMITTER
3055527	160	KONSOL 8	LDT	LEVEL DISPLACER TRANSMITTER
3055529	160	KONSOL 8	LDT	LEVEL DISPLACER TRANSMITTER
3055530	160	KONSOL 8	LDT	LEVEL DISPLACER TRANSMITTER
3055531	160	KONSOL 8	LDT	LEVEL DISPLACER TRANSMITTER
3055533	160	KONSOL 8	LDT	LEVEL DISPLACER TRANSMITTER
3055536	160	KONSOL 8	LDT	LEVEL DISPLACER TRANSMITTER
3055547	160	KONSOL 8	LDT	LEVEL DISPLACER TRANSMITTER
3055548	160	KONSOL 8	LDT	LEVEL DISPLACER TRANSMITTER
3055549	160	KONSOL 8	LDT	LEVEL DISPLACER TRANSMITTER
3055551	160	KONSOL 8	LDT	LEVEL DISPLACER TRANSMITTER
3055552	160	KONSOL 8	LDT	LEVEL DISPLACER TRANSMITTER
3055553	160	KONSOL 8	LDT	LEVEL DISPLACER TRANSMITTER
3029935	160	KONSOL 8	PT	PRESSURE TRANSMITTER
3029936	160	KONSOL 8	PT	PRESSURE TRANSMITTER
3029937	160	KONSOL 8	PT	PRESSURE TRANSMITTER
3029939	160	KONSOL 8	PT	PRESSURE TRANSMITTER
3029940	160	KONSOL 8	PT	PRESSURE TRANSMITTER
3029941	160	KONSOL 8	PT	PRESSURE TRANSMITTER
3029942	160	KONSOL 8	PT	PRESSURE TRANSMITTER
3029943	160	KONSOL 8	PT	PRESSURE TRANSMITTER
3029944	160	KONSOL 8	PT	PRESSURE TRANSMITTER
3029945	160	KONSOL 8	PT	PRESSURE TRANSMITTER
3029947	160	KONSOL 8	PT	PRESSURE TRANSMITTER
3029946	160	KONSOL 8	PT	PRESSURE TRANSMITTER
3029976	160	KONSOL 8	PT	PRESSURE TRANSMITTER
3029977	160	KONSOL 8	PT	PRESSURE TRANSMITTER
3029978	160	KONSOL 8	PT	PRESSURE TRANSMITTER
3030037	160	KONSOL 8	PT	PRESSURE TRANSMITTER
3030038	160	KONSOL 8	PT	PRESSURE TRANSMITTER
3030039	160	KONSOL 8	PT	PRESSURE TRANSMITTER
3030060	160	KONSOL 8	PT	PRESSURE TRANSMITTER
3030061	160	KONSOL 8	PT	PRESSURE TRANSMITTER
3030062	160	KONSOL 8	PT	PRESSURE TRANSMITTER
3030066	160	KONSOL 8	PT	PRESSURE TRANSMITTER
3030067	160	KONSOL 8	PT	PRESSURE TRANSMITTER
3030068	160	KONSOL 8	PT	PRESSURE TRANSMITTER
3030301	160	KONSOL 8	PT	PRESSURE TRANSMITTER
3030302	160	KONSOL 8	PT	PRESSURE TRANSMITTER
3030303	160	KONSOL 8	PT	PRESSURE TRANSMITTER
3030308	160	KONSOL 8	PT	PRESSURE TRANSMITTER
3030309	160	KONSOL 8	PT	PRESSURE TRANSMITTER
3030310	160	KONSOL 8	PT	PRESSURE TRANSMITTER
3030312	160	KONSOL 8	PT	PRESSURE TRANSMITTER
3030313	160	KONSOL 8	PT	PRESSURE TRANSMITTER
3030314	160	KONSOL 8	PT	PRESSURE TRANSMITTER
3030514	160	KONSOL 8	TT	TEMPERATURE TRANSMITTER
3030517	160	KONSOL 8	TT	TEMPERATURE TRANSMITTER
3030519	160	KONSOL 8	TT	TEMPERATURE TRANSMITTER
3030532	160	KONSOL 8	TT	TEMPERATURE TRANSMITTER
3030535	160	KONSOL 8	TT	TEMPERATURE TRANSMITTER
3030539	160	KONSOL 8	TT	TEMPERATURE TRANSMITTER
3030553	160	KONSOL 8	TT	TEMPERATURE TRANSMITTER
3030556	160	KONSOL 8	TT	TEMPERATURE TRANSMITTER
3030558	160	KONSOL 8	TT	TEMPERATURE TRANSMITTER
3030573	160	KONSOL 8	TT	TEMPERATURE TRANSMITTER
3030574	160	KONSOL 8	TT	TEMPERATURE TRANSMITTER
3030579	160	KONSOL 8	TT	TEMPERATURE TRANSMITTER
3030632	160	KONSOL 8	TT	TEMPERATURE TRANSMITTER
3030652	160	KONSOL 8	TT	TEMPERATURE TRANSMITTER
3030653	160	KONSOL 8	TT	TEMPERATURE TRANSMITTER
3030656	160	KONSOL 8	TT	TEMPERATURE TRANSMITTER
3030661	160	KONSOL 8	TT	TEMPERATURE TRANSMITTER
3030670	160	KONSOL 8	TT	TEMPERATURE TRANSMITTER
3032286	160	KONSOL 8	INS	ON OFF VALVE
3032288	160	KONSOL 8	INS	ON OFF VALVE
3032291	160	KONSOL 8	INS	ON OFF VALVE
3032292	160	KONSOL 8	INS	ON OFF VALVE
3032293	160	KONSOL 8	INS	ON OFF VALVE
3032294	160	KONSOL 8	INS	ON OFF VALVE
3032296	160	KONSOL 8	INS	ON OFF VALVE
3032297	160	KONSOL 8	INS	ON OFF VALVE
3032298	160	KONSOL 8	INS	ON OFF VALVE
3032299	160	KONSOL 8	INS	ON OFF VALVE
3067932	160	KONSOL 8	CV	ON OFF VALVE
3067933	160	KONSOL 8	CV	ON OFF VALVE
3032303	160	KONSOL 8	INS	ON OFF VALVE
3032304	160	KONSOL 8	INS	ON OFF VALVE
3032305	160	KONSOL 8	INS	ON OFF VALVE
3032306	160	KONSOL 8	INS	ON OFF VALVE
3032307	160	KONSOL 8	INS	ON OFF VALVE
3032308	160	KONSOL 8	INS	ON OFF VALVE
3032309	160	KONSOL 8	INS	ON OFF VALVE
3032310	160	KONSOL 8	INS	ON OFF VALVE
3032311	160	KONSOL 8	INS	ON OFF VALVE
3032312	160	KONSOL 8	INS	ON OFF VALVE
3032313	160	KONSOL 8	INS	ON OFF VALVE
3032314	160	KONSOL 8	INS	ON OFF VALVE
3032315	160	KONSOL 8	INS	ON OFF VALVE
3032318	160	KONSOL 8	INS	ON OFF VALVE
3032319	160	KONSOL 8	INS	ON OFF VALVE
3032320	160	KONSOL 8	INS	ON OFF VALVE
3032341	160	KONSOL 8	INS	ON OFF VALVE
3032342	160	KONSOL 8	INS	ON OFF VALVE
3032343	160	KONSOL 8	INS	ON OFF VALVE
3032344	160	KONSOL 8	INS	ON OFF VALVE
3032345	160	KONSOL 8	INS	ON OFF VALVE
3032346	160	KONSOL 8	INS	ON OFF VALVE
3032347	160	KONSOL 8	INS	ON OFF VALVE
3032348	160	KONSOL 8	INS	ON OFF VALVE
3032349	160	KONSOL 8	INS	ON OFF VALVE
3032350	160	KONSOL 8	INS	ON OFF VALVE
3032351	160	KONSOL 8	INS	ON OFF VALVE
3032352	160	KONSOL 8	INS	ON OFF VALVE
3033208	190	KONSOL 2	INS	DP LEVEL TRANSMITTER
3033209	190	KONSOL 2	INS	DP LEVEL TRANSMITTER
3033210	190	KONSOL 2	INS	DP LEVEL TRANSMITTER
3055558	190	KONSOL 2	INS	LEVEL DISPLACER TRANSMITTER
3033264	190	KONSOL 2	INS	DP LEVEL TRANSMITTER
3055560	190	KONSOL 2	LDT	LEVEL DISPLACER TRANSMITTER
3055561	190	KONSOL 2	LDT	LEVEL DISPLACER TRANSMITTER
3033282	190	KONSOL 2	INS	DP LEVEL TRANSMITTER
3033388	190	KONSOL 2	INS	DIFF PRESSURE TRANSMITTER
3033389	190	KONSOL 2	INS	DIFF PRESSURE TRANSMITTER
3033452	190	KONSOL 2	INS	DIFF PRESSURE TRANSMITTER
3033453	190	KONSOL 2	INS	DIFF PRESSURE TRANSMITTER
3033337	190	KONSOL 2	INS	PRESSURE TRANSMITTER
3033336	190	KONSOL 2	INS	PRESSURE TRANSMITTER
3033339	190	KONSOL 2	INS	PRESSURE TRANSMITTER
3033338	190	KONSOL 2	INS	PRESSURE TRANSMITTER
3033342	190	KONSOL 2	INS	PRESSURE TRANSMITTER
3033348	190	KONSOL 2	INS	PRESSURE TRANSMITTER
3033360	190	KONSOL 2	INS	PRESSURE TRANSMITTER
3033369	190	KONSOL 2	INS	PRESSURE TRANSMITTER
3033372	190	KONSOL 2	INS	PRESSURE TRANSMITTER
3033376	190	KONSOL 2	INS	PRESSURE TRANSMITTER
3033375	190	KONSOL 2	INS	PRESSURE TRANSMITTER
3033381	190	KONSOL 2	INS	PRESSURE TRANSMITTER
3033383	190	KONSOL 2	INS	PRESSURE TRANSMITTER
3033384	190	KONSOL 2	INS	PRESSURE TRANSMITTER
3058997	190	KONSOL 2	INS	PRESSURE TRANSMITTER
3058998	190	KONSOL 2	INS	PRESSURE TRANSMITTER
3033386	190	KONSOL 2	INS	PRESSURE TRANSMITTER
3033387	190	KONSOL 2	INS	PRESSURE TRANSMITTER
3033399	190	KONSOL 2	INS	PRESSURE TRANSMITTER
3033398	190	KONSOL 2	INS	PRESSURE TRANSMITTER
3033404	190	KONSOL 2	INS	PRESSURE TRANSMITTER
3033410	190	KONSOL 2	INS	PRESSURE TRANSMITTER
3033422	190	KONSOL 2	INS	PRESSURE TRANSMITTER
3033431	190	KONSOL 2	INS	PRESSURE TRANSMITTER
3033437	190	KONSOL 2	INS	PRESSURE TRANSMITTER
3033438	190	KONSOL 2	INS	PRESSURE TRANSMITTER
3033439	190	KONSOL 2	INS	PRESSURE TRANSMITTER
3033440	190	KONSOL 2	INS	PRESSURE TRANSMITTER
3033443	190	KONSOL 2	INS	PRESSURE TRANSMITTER
3033446	190	KONSOL 2	INS	PRESSURE TRANSMITTER
3033445	190	KONSOL 2	INS	PRESSURE TRANSMITTER
3033448	190	KONSOL 2	INS	PRESSURE TRANSMITTER
3033449	190	KONSOL 2	INS	PRESSURE TRANSMITTER
3033451	190	KONSOL 2	INS	PRESSURE TRANSMITTER
3033450	190	KONSOL 2	INS	PRESSURE TRANSMITTER
3033622	190	KONSOL 2	INS	PRESSURE TRANSMITTER
3033623	190	KONSOL 2	INS	PRESSURE TRANSMITTER
3033624	190	KONSOL 2	INS	PRESSURE TRANSMITTER
3033385	190	KONSOL 2	INS	CONTROL VALVE
3033393	190	KONSOL 2	INS	CONTROL VALVE
3033447	190	KONSOL 2	INS	CONTROL VALVE
3033457	190	KONSOL 2	INS	CONTROL VALVE
3033879	190	KONSOL 2	INS	TEMPERATURE TRANSMITTER
3033930	190	KONSOL 2	INS	TEMPERATURE TRANSMITTER
3033973	190	KONSOL 2	INS	TEMPERATURE TRANSMITTER
3034171	190	KONSOL 2	INS	TEMPERATURE TRANSMITTER
3034222	190	KONSOL 2	INS	TEMPERATURE TRANSMITTER
3034265	190	KONSOL 2	INS	TEMPERATURE TRANSMITTER
3035026	190	KONSOL 2	INS	TEMPERATURE TRANSMITTER
3035027	190	KONSOL 2	INS	TEMPERATURE TRANSMITTER
3035028	190	KONSOL 2	INS	TEMPERATURE TRANSMITTER
3035032	190	KONSOL 2	INS	TEMPERATURE TRANSMITTER
3035033	190	KONSOL 2	INS	TEMPERATURE TRANSMITTER
3035034	190	KONSOL 2	INS	TEMPERATURE TRANSMITTER
3035667	190	KONSOL 2	INS	ON OFF VALVE
3035671	190	KONSOL 2	INS	ON OFF VALVE
3035672	190	KONSOL 2	INS	ON OFF VALVE
3035673	190	KONSOL 2	INS	ON OFF VALVE
3035682	190	KONSOL 2	INS	ON OFF VALVE
3035684	190	KONSOL 2	INS	ON OFF VALVE
3035690	190	KONSOL 2	INS	ON OFF VALVE
3035692	190	KONSOL 2	INS	ON OFF VALVE
3035698	190	KONSOL 2	INS	ON OFF VALVE
3035702	190	KONSOL 2	INS	ON OFF VALVE
3035703	190	KONSOL 2	INS	ON OFF VALVE
3035704	190	KONSOL 2	INS	ON OFF VALVE
3035713	190	KONSOL 2	INS	ON OFF VALVE
3035714	190	KONSOL 2	INS	ON OFF VALVE
3035715	190	KONSOL 2	INS	ON OFF VALVE
3035721	190	KONSOL 2	INS	ON OFF VALVE
3035722	190	KONSOL 2	INS	ON OFF VALVE
3035723	190	KONSOL 2	INS	ON OFF VALVE
3035749	190	KONSOL 2	INS	ON OFF VALVE
3035750	190	KONSOL 2	INS	ON OFF VALVE
3067938	190	KONSOL 2	INS	SOLENOID VALVE
3067940	190	KONSOL 2	INS	SOLENOID VALVE
3055564	410	KONSOL 1	LDT	LEVEL DISPLACER TRANSMITTER
3055568	410	KONSOL 1	LDT	LEVEL DISPLACER TRANSMITTER
3036027	410	KONSOL 1	INS	TEMPERATURE TRANSMITTER
3036023	410	KONSOL 1	INS	CONTROL VALVE
3036084	410	KONSOL 1	INS	ON OFF VALVE
3055584	415	KONSOL 2	LDT	LEVEL DISPLACER TRANSMITTER
3055586	415	KONSOL 2	LDT	LEVEL DISPLACER TRANSMITTER
3055588	415	KONSOL 2	LDT	LEVEL DISPLACER TRANSMITTER
3055593	415	KONSOL 2	LDT	LEVEL DISPLACER TRANSMITTER
3036294	415	KONSOL 2	INS	ON OFF VALVE
3036295	415	KONSOL 2	INS	ON OFF VALVE
3036297	415	KONSOL 2	INS	ON OFF VALVE
3036301	415	KONSOL 2	INS	ON OFF VALVE
3055610	420	KONSOL 6	LDT	LEVEL DISPLACER TRANSMITTER
3055613	420	KONSOL 6	LDT	LEVEL DISPLACER TRANSMITTER
3055612	420	KONSOL 6	LDT	LEVEL DISPLACER TRANSMITTER
3055611	420	KONSOL 6	LDT	LEVEL DISPLACER TRANSMITTER
3036910	420	KONSOL 6	INS	ON OFF VALVE
3036912	420	KONSOL 6	INS	ON OFF VALVE
3036943	421	KONSOL 6	INS	PRESSURE TRANSMITTER
3037049	421	KONSOL 6	INS	ON OFF VALVE
3037099	430	KONSOL 6	INS	PILOT FLAME DETECTOR
3037101	430	KONSOL 6	INS	PILOT FLAME DETECTOR
3037103	430	KONSOL 6	INS	PILOT FLAME DETECTOR
3037092	430	KONSOL 6	INS	FLAME SCANNER
3037094	430	KONSOL 6	INS	FLAME SCANNER
3037096	430	KONSOL 6	INS	FLAME SCANNER
3037098	430	KONSOL 6	INS	FLAME SCANNER
3037123	430	KONSOL 6	INS	VORTEX TRANSMITTER
3037125	430	KONSOL 6	INS	DP FLOW TRANSMITTER
3037135	430	KONSOL 6	INS	DP FLOW TRANSMITTER
3037159	430	KONSOL 6	INS	DP FLOW TRANSMITTER
3037170	430	KONSOL 6	INS	DP FLOW TRANSMITTER
3037172	430	KONSOL 6	INS	VORTEX TRANSMITTER
3037251	430	KONSOL 6	INS	DP FLOW TRANSMITTER
3037262	430	KONSOL 6	INS	DP FLOW TRANSMITTER
3037264	430	KONSOL 6	INS	VORTEX TRANSMITTER
3037341	430	KONSOL 6	INS	DP FLOW TRANSMITTER
3037373	430	KONSOL 6	INS	DP FLOW TRANSMITTER
3037374	430	KONSOL 6	INS	DP FLOW TRANSMITTER
3037375	430	KONSOL 6	INS	DP FLOW TRANSMITTER
3037396	430	KONSOL 6	INS	CONTROL VALVE
3037397	430	KONSOL 6	INS	CONTROL VALVE
3037400	430	KONSOL 6	INS	CONTROL VALVE
3037401	430	KONSOL 6	INS	CONTROL VALVE
3037404	430	KONSOL 6	INS	CONTROL VALVE
3037405	430	KONSOL 6	INS	CONTROL VALVE
3037406	430	KONSOL 6	INS	CONTROL VALVE
3037407	430	KONSOL 6	INS	CONTROL VALVE
3055630	430	KONSOL 6	LDT	LEVEL DISPLACER TRANSMITTER
3055631	430	KONSOL 6	LDT	LEVEL DISPLACER TRANSMITTER
3055632	430	KONSOL 6	LDT	LEVEL DISPLACER TRANSMITTER
3037533	430	KONSOL 6	INS	DP LEVEL TRANSMITTER
3037534	430	KONSOL 6	INS	DP LEVEL TRANSMITTER
3037535	430	KONSOL 6	INS	DP LEVEL TRANSMITTER
3055635	430	KONSOL 6	LDT	LEVEL DISPLACER TRANSMITTER
3055636	430	KONSOL 6	LDT	LEVEL DISPLACER TRANSMITTER
3055637	430	KONSOL 6	LDT	LEVEL DISPLACER TRANSMITTER
3037546	430	KONSOL 6	INS	RADAR LEVEL TRANSMITTER
3037550	430	KONSOL 6	INS	BUBBLE LEVEL TRANSMITTER
3055645	430	KONSOL 6	LDT	LEVEL DISPLACER TRANSMITTER
3055646	430	KONSOL 6	LDT	LEVEL DISPLACER TRANSMITTER
3055647	430	KONSOL 6	LDT	LEVEL DISPLACER TRANSMITTER
3037561	430	KONSOL 6	INS	RADAR LEVEL TRANSMITTER
3037565	430	KONSOL 6	INS	BUBBLE LEVEL TRANSMITTER
3037567	430	KONSOL 6	INS	DP LEVEL TRANSMITTER
3037568	430	KONSOL 6	INS	DP LEVEL TRANSMITTER
3037569	430	KONSOL 6	INS	DP LEVEL TRANSMITTER
3037572	430	KONSOL 6	INS	DP LEVEL TRANSMITTER
3037573	430	KONSOL 6	INS	DP LEVEL TRANSMITTER
3037574	430	KONSOL 6	INS	DP LEVEL TRANSMITTER
3037578	430	KONSOL 6	INS	DP LEVEL TRANSMITTER
3037580	430	KONSOL 6	INS	DP LEVEL TRANSMITTER
3037581	430	KONSOL 6	INS	DP LEVEL TRANSMITTER
3037582	430	KONSOL 6	INS	DP LEVEL TRANSMITTER
3055658	430	KONSOL 6	LDT	LEVEL DISPLACER TRANSMITTER
3055659	430	KONSOL 6	LDT	LEVEL DISPLACER TRANSMITTER
3055660	430	KONSOL 6	LDT	LEVEL DISPLACER TRANSMITTER
3055662	430	KONSOL 6	LDT	LEVEL DISPLACER TRANSMITTER
3055663	430	KONSOL 6	LDT	LEVEL DISPLACER TRANSMITTER
3055664	430	KONSOL 6	LDT	LEVEL DISPLACER TRANSMITTER
3037598	430	KONSOL 6	INS	DP LEVEL TRANSMITTER
3037615	430	KONSOL 6	INS	PRESSURE TRANSMITTER
3037619	430	KONSOL 6	INS	PRESSURE TRANSMITTER
3037620	430	KONSOL 6	INS	PRESSURE TRANSMITTER
3037621	430	KONSOL 6	INS	PRESSURE TRANSMITTER
3037641	430	KONSOL 6	INS	PRESSURE TRANSMITTER
3037642	430	KONSOL 6	INS	PRESSURE TRANSMITTER
3037644	430	KONSOL 6	INS	PRESSURE TRANSMITTER
3037663	430	KONSOL 6	INS	PRESSURE TRANSMITTER
3037667	430	KONSOL 6	INS	PRESSURE TRANSMITTER
3037668	430	KONSOL 6	INS	PRESSURE TRANSMITTER
3037669	430	KONSOL 6	INS	PRESSURE TRANSMITTER
3037689	430	KONSOL 6	PT	PRESSURE TRANSMITTER
3037690	430	KONSOL 6	PT	PRESSURE TRANSMITTER
3037692	430	KONSOL 6	PT	PRESSURE TRANSMITTER
3037737	430	KONSOL 6	PT	PRESSURE TRANSMITTER
3037738	430	KONSOL 6	PT	PRESSURE TRANSMITTER
3037739	430	KONSOL 6	PT	PRESSURE TRANSMITTER
3037818	430	KONSOL 6	PT	PRESSURE TRANSMITTER
3037819	430	KONSOL 6	PT	PRESSURE TRANSMITTER
3037820	430	KONSOL 6	PT	PRESSURE TRANSMITTER
3037821	430	KONSOL 6	PT	PRESSURE TRANSMITTER
3037822	430	KONSOL 6	PT	PRESSURE TRANSMITTER
3037823	430	KONSOL 6	PT	PRESSURE TRANSMITTER
3037825	430	KONSOL 6	PT	PRESSURE TRANSMITTER
3037860	430	KONSOL 6	PT	PRESSURE TRANSMITTER
3037861	430	KONSOL 6	PT	PRESSURE TRANSMITTER
3037862	430	KONSOL 6	PT	PRESSURE TRANSMITTER
3038626	430	KONSOL 6	TT	TEMPERATURE TRANSMITTER
3038627	430	KONSOL 6	TT	TEMPERATURE TRANSMITTER
3038628	430	KONSOL 6	TT	TEMPERATURE TRANSMITTER
3038630	430	KONSOL 6	TT	TEMPERATURE TRANSMITTER
3038631	430	KONSOL 6	TT	TEMPERATURE TRANSMITTER
3038632	430	KONSOL 6	TT	TEMPERATURE TRANSMITTER
3038650	430	KONSOL 6	TT	TEMPERATURE TRANSMITTER
3038651	430	KONSOL 6	TT	TEMPERATURE TRANSMITTER
3038652	430	KONSOL 6	TT	TEMPERATURE TRANSMITTER
3038765	430	KONSOL 6	TT	TEMPERATURE TRANSMITTER
3038766	430	KONSOL 6	TT	TEMPERATURE TRANSMITTER
3038767	430	KONSOL 6	TT	TEMPERATURE TRANSMITTER
3038882	430	KONSOL 6	TT	TEMPERATURE TRANSMITTER
3039004	430	KONSOL 6	CV	ON OFF VALVE
3039005	430	KONSOL 6	CV	ON OFF VALVE
3039006	430	KONSOL 6	CV	ON OFF VALVE
3039007	430	KONSOL 6	CV	ON OFF VALVE
3039008	430	KONSOL 6	CV	ON OFF VALVE
3039009	430	KONSOL 6	CV	ON OFF VALVE
3039010	430	KONSOL 6	CV	ON OFF VALVE
3039011	430	KONSOL 6	CV	ON OFF VALVE
3039012	430	KONSOL 6	CV	ON OFF VALVE
3039013	430	KONSOL 6	CV	ON OFF VALVE
3039016	430	KONSOL 6	CV	ON OFF VALVE
3039018	430	KONSOL 6	CV	ON OFF VALVE
3039019	430	KONSOL 6	CV	ON OFF VALVE
3039020	430	KONSOL 6	CV	ON OFF VALVE
3039021	430	KONSOL 6	CV	ON OFF VALVE
3039022	430	KONSOL 6	CV	ON OFF VALVE
3039023	430	KONSOL 6	CV	ON OFF VALVE
3039024	430	KONSOL 6	CV	ON OFF VALVE
3039025	430	KONSOL 6	CV	ON OFF VALVE
3039026	430	KONSOL 6	CV	ON OFF VALVE
3039027	430	KONSOL 6	CV	ON OFF VALVE
3039028	430	KONSOL 6	CV	ON OFF VALVE
3039029	430	KONSOL 6	CV	ON OFF VALVE
3039030	430	KONSOL 6	CV	ON OFF VALVE
3039031	430	KONSOL 6	CV	ON OFF VALVE
3039034	430	KONSOL 6	CV	ON OFF VALVE
3039036	430	KONSOL 6	CV	ON OFF VALVE
3039037	430	KONSOL 6	CV	ON OFF VALVE
3039038	430	KONSOL 6	CV	ON OFF VALVE
3039039	430	KONSOL 6	CV	ON OFF VALVE
3039045	430	KONSOL 6	CV	ON OFF VALVE
3039046	430	KONSOL 6	CV	ON OFF VALVE
3039047	430	KONSOL 6	CV	ON OFF VALVE
3039048	430	KONSOL 6	CV	ON OFF VALVE
3039049	430	KONSOL 6	CV	ON OFF VALVE
3039050	430	KONSOL 6	CV	ON OFF VALVE
3039053	430	KONSOL 6	CV	ON OFF VALVE
3039054	430	KONSOL 6	CV	ON OFF VALVE
3055691	440	KONSOL 6	LDT	LEVEL DISPLACER TRANSMITTER
3055694	440	KONSOL 6	LDT	LEVEL DISPLACER TRANSMITTER
3055695	440	KONSOL 6	LDT	LEVEL DISPLACER TRANSMITTER
3055693	440	KONSOL 6	LDT	LEVEL DISPLACER TRANSMITTER
3039181	440	KONSOL 6	DPL	DP LEVEL TRANSMITTER
3055700	440	KONSOL 6	LDT	LEVEL DISPLACER TRANSMITTER
3039188	440	KONSOL 6	PT	PRESSURE TRANSMITTER
3039376	440	KONSOL 6	CV	ON OFF VALVE
3039377	440	KONSOL 6	CV	ON OFF VALVE
3039378	440	KONSOL 6	CV	ON OFF VALVE
3039379	440	KONSOL 6	CV	ON OFF VALVE
3039380	440	KONSOL 6	CV	ON OFF VALVE
3039381	440	KONSOL 6	CV	ON OFF VALVE
3039382	440	KONSOL 6	CV	ON OFF VALVE
3039402	441	KONSOL 6	DPL	DP LEVEL TRANSMITTER
3039408	441	KONSOL 6	PT	PRESSURE TRANSMITTER
3039488	441	KONSOL 6	CV	ON OFF VALVE
3039489	441	KONSOL 6	CV	ON OFF VALVE
3055705	442	KONSOL 6	LDT	LEVEL DISPLACER TRANSMITTER
3055709	442	KONSOL 6	LDT	LEVEL DISPLACER TRANSMITTER
3055710	442	KONSOL 6	LDT	LEVEL DISPLACER TRANSMITTER
3055708	442	KONSOL 6	LDT	LEVEL DISPLACER TRANSMITTER
3039530	442	KONSOL 6	GWR	RADAR LEVEL TRANSMITTER
3039531	442	KONSOL 6	DPL	DP LEVEL TRANSMITTER
3055715	442	KONSOL 6	LDT	LEVEL DISPLACER TRANSMITTER
3039553	442	KONSOL 6	PT	PRESSURE TRANSMITTER
3039709	442	KONSOL 6	CV	ON OFF VALVE
3039710	442	KONSOL 6	CV	ON OFF VALVE
3039711	442	KONSOL 6	CV	ON OFF VALVE
3039712	442	KONSOL 6	CV	ON OFF VALVE
3039713	442	KONSOL 6	CV	ON OFF VALVE
3039714	442	KONSOL 6	CV	ON OFF VALVE
3039715	442	KONSOL 6	CV	ON OFF VALVE
3039716	442	KONSOL 6	CV	ON OFF VALVE
3039801	445	KONSOL 4	MFT	MAGNETIC FLOW TRANSMITTER
3039802	445	KONSOL 4	MFT	MAGNETIC FLOW TRANSMITTER
3039814	445	KONSOL 4	ST	SPEED SENSOR
3039815	445	KONSOL 4	ST	SPEED SENSOR
3039816	445	KONSOL 4	ST	SPEED SENSOR
3039817	445	KONSOL 4	ST	SPEED SENSOR
3039818	445	KONSOL 4	ST	SPEED SENSOR
3040017	445	KONSOL 4	CV	ON OFF VALVE
3041081	450	KONSOL 5	DPF	DP FLOW TRANSMITTER
3041082	450	KONSOL 5	DPF	DP FLOW TRANSMITTER
3041083	450	KONSOL 5	DPF	DP FLOW TRANSMITTER
3040148	450	KONSOL 5	CV	CONTROL VALVE
3040151	450	KONSOL 5	CV	CONTROL VALVE
3040229	450	KONSOL 5	DPL	DP LEVEL TRANSMITTER
3040245	450	KONSOL 5	DPL	RADAR LEVEL TRANSMITTER
3040246	450	KONSOL 5	DPL	RADAR LEVEL TRANSMITTER
3040247	450	KONSOL 5	DPL	RADAR LEVEL TRANSMITTER
3040250	450	KONSOL 5	DPL	RADAR LEVEL TRANSMITTER
3040251	450	KONSOL 5	DPL	RADAR LEVEL TRANSMITTER
3040252	450	KONSOL 5	DPL	RADAR LEVEL TRANSMITTER
3041276	450	KONSOL 5	PT	PRESSURE TRANSMITTER
3041277	450	KONSOL 5	PT	PRESSURE TRANSMITTER
3041278	450	KONSOL 5	PT	PRESSURE TRANSMITTER
3041279	450	KONSOL 5	PT	PRESSURE TRANSMITTER
3041280	450	KONSOL 5	PT	PRESSURE TRANSMITTER
3041281	450	KONSOL 5	PT	PRESSURE TRANSMITTER
3040448	450	KONSOL 5	TT	TEMPERATURE TRANSMITTER
3040450	450	KONSOL 5	TT	TEMPERATURE TRANSMITTER
3040452	450	KONSOL 5	TT	TEMPERATURE TRANSMITTER
3041497	450	KONSOL 5	TT	TEMPERATURE TRANSMITTER
3041498	450	KONSOL 5	TT	TEMPERATURE TRANSMITTER
3041499	450	KONSOL 5	TT	TEMPERATURE TRANSMITTER
3041500	450	KONSOL 5	TT	TEMPERATURE TRANSMITTER
3041501	450	KONSOL 5	TT	TEMPERATURE TRANSMITTER
3041502	450	KONSOL 5	TT	TEMPERATURE TRANSMITTER
3040518	450	KONSOL 5	TT	TEMPERATURE TRANSMITTER
3040520	450	KONSOL 5	TT	TEMPERATURE TRANSMITTER
3040522	450	KONSOL 5	TT	TEMPERATURE TRANSMITTER
3041503	450	KONSOL 5	TT	TEMPERATURE TRANSMITTER
3041504	450	KONSOL 5	TT	TEMPERATURE TRANSMITTER
3041505	450	KONSOL 5	TT	TEMPERATURE TRANSMITTER
3040955	450	KONSOL 5	TT	TEMPERATURE TRANSMITTER
3041035	450	KONSOL 5	CV	ON OFF VALVE
3041036	450	KONSOL 5	CV	ON OFF VALVE
3041041	450	KONSOL 5	CV	ON OFF VALVE
3041042	450	KONSOL 5	CV	ON OFF VALVE
3041043	450	KONSOL 5	CV	ON OFF VALVE
3041044	450	KONSOL 5	CV	ON OFF VALVE
3041045	450	KONSOL 5	CV	ON OFF VALVE
3041046	450	KONSOL 5	CV	ON OFF VALVE
3041047	450	KONSOL 5	CV	ON OFF VALVE
3041048	450	KONSOL 5	CV	ON OFF VALVE
3041049	450	KONSOL 5	CV	ON OFF VALVE
3041050	450	KONSOL 5	CV	ON OFF VALVE
3041051	450	KONSOL 5	CV	ON OFF VALVE
3041052	450	KONSOL 5	CV	ON OFF VALVE
3041063	450	KONSOL 5	CV	ON OFF VALVE
3041953	514	KONSOL 4	DPL	DP LEVEL TRANSMITTER
3041956	514	KONSOL 4	INS	DP LEVEL TRANSMITTER
3041984	514	KONSOL 4	CV	ON OFF VALVE
3041985	514	KONSOL 4	INS	ON OFF VALVE
3042108	520	KONSOL 4	PT	PRESSURE TRANSMITTER
3042109	520	KONSOL 4	PT	PRESSURE TRANSMITTER
3042110	520	KONSOL 4	PT	PRESSURE TRANSMITTER
3042117	520	KONSOL 4	PT	PRESSURE TRANSMITTER
3042395	520	KONSOL 4	TT	TEMPERATURE TRANSMITTER
3042403	520	KONSOL 4	TT	TEMPERATURE TRANSMITTER
3042406	520	KONSOL 4	CV	ON OFF VALVE
3042523	540	KONSOL 4	RLT	RADAR LEVEL TRANSMITTER
3042537	540	KONSOL 4	CV	ON OFF VALVE
3042575	545	KONSOL 4	BE	PILOT FLAME DETECTOR
3042576	545	KONSOL 4	BE	PILOT FLAME DETECTOR
3042577	545	KONSOL 4	BE	PILOT FLAME DETECTOR
3042578	545	KONSOL 4	BE	PILOT FLAME DETECTOR
3042579	545	KONSOL 4	BE	PILOT FLAME DETECTOR
3042580	545	KONSOL 4	BE	PILOT FLAME DETECTOR
3042581	545	KONSOL 4	BE	PILOT FLAME DETECTOR
3042582	545	KONSOL 4	BE	PILOT FLAME DETECTOR
3042583	545	KONSOL 4	BE	PILOT FLAME DETECTOR
3042584	545	KONSOL 4	BE	PILOT FLAME DETECTOR
3042585	545	KONSOL 4	BE	PILOT FLAME DETECTOR
3042586	545	KONSOL 4	BE	PILOT FLAME DETECTOR
3042587	545	KONSOL 4	BE	PILOT FLAME DETECTOR
3042588	545	KONSOL 4	BE	PILOT FLAME DETECTOR
3042589	545	KONSOL 4	BE	PILOT FLAME DETECTOR
3042590	545	KONSOL 4	BE	PILOT FLAME DETECTOR
3042591	545	KONSOL 4	BE	PILOT FLAME DETECTOR
3042592	545	KONSOL 4	BE	PILOT FLAME DETECTOR
3042700	545	KONSOL 4	DPF	DP FLOW TRANSMITTER
3042701	545	KONSOL 4	DPF	DP FLOW TRANSMITTER
3042702	545	KONSOL 4	DPF	DP FLOW TRANSMITTER
3042724	545	KONSOL 4	DPF	DP FLOW TRANSMITTER
3042725	545	KONSOL 4	DPF	DP FLOW TRANSMITTER
3042726	545	KONSOL 4	DPF	DP FLOW TRANSMITTER
3042889	545	KONSOL 4	PT	PRESSURE TRANSMITTER
3042890	545	KONSOL 4	PT	PRESSURE TRANSMITTER
3042888	545	KONSOL 4	PT	PRESSURE TRANSMITTER
3042943	545	KONSOL 4	ST	SPEED SENSOR
3042942	545	KONSOL 4	ST	SPEED SENSOR
3042945	545	KONSOL 4	ST	SPEED SENSOR
3042944	545	KONSOL 4	ST	SPEED SENSOR
3043426	545	KONSOL 4	CV	ON OFF VALVE
3043427	545	KONSOL 4	CV	ON OFF VALVE
3043428	545	KONSOL 4	CV	ON OFF VALVE
3043429	545	KONSOL 4	CV	ON OFF VALVE
3043430	545	KONSOL 4	CV	ON OFF VALVE
3043431	545	KONSOL 4	CV	ON OFF VALVE
3043432	545	KONSOL 4	CV	ON OFF VALVE
3043433	545	KONSOL 4	CV	ON OFF VALVE
3043435	545	KONSOL 4	CV	ON OFF VALVE
3043436	545	KONSOL 4	CV	ON OFF VALVE
3043437	545	KONSOL 4	CV	ON OFF VALVE
3043438	545	KONSOL 4	CV	ON OFF VALVE
3043439	545	KONSOL 4	CV	ON OFF VALVE
3043440	545	KONSOL 4	CV	ON OFF VALVE
3043442	545	KONSOL 4	CV	ON OFF VALVE
3043443	545	KONSOL 4	CV	ON OFF VALVE
3043444	545	KONSOL 4	CV	ON OFF VALVE
3043445	545	KONSOL 4	CV	ON OFF VALVE
3043446	545	KONSOL 4	CV	ON OFF VALVE
3043447	545	KONSOL 4	CV	ON OFF VALVE
3043449	545	KONSOL 4	CV	ON OFF VALVE
3043451	545	KONSOL 4	CV	ON OFF VALVE
3043450	545	KONSOL 4	CV	ON OFF VALVE
3043458	545	KONSOL 4	CV	ON OFF VALVE
3043459	545	KONSOL 4	CV	ON OFF VALVE
3043460	545	KONSOL 4	CV	ON OFF VALVE
3043462	545	KONSOL 4	CV	ON OFF VALVE
3043463	545	KONSOL 4	CV	ON OFF VALVE
3043464	545	KONSOL 4	CV	ON OFF VALVE
3043465	545	KONSOL 4	CV	ON OFF VALVE
3043466	545	KONSOL 4	CV	ON OFF VALVE
3043467	545	KONSOL 4	CV	ON OFF VALVE
3043469	545	KONSOL 4	CV	ON OFF VALVE
3043470	545	KONSOL 4	CV	ON OFF VALVE
3043471	545	KONSOL 4	CV	ON OFF VALVE
3043472	545	KONSOL 4	CV	ON OFF VALVE
3043473	545	KONSOL 4	CV	ON OFF VALVE
3043474	545	KONSOL 4	CV	ON OFF VALVE
3043476	545	KONSOL 4	CV	ON OFF VALVE
3043478	545	KONSOL 4	CV	ON OFF VALVE
3043477	545	KONSOL 4	CV	ON OFF VALVE
3043518	550	KONSOL 5	BE	PILOT FLAME DETECTOR
3043519	550	KONSOL 5	BE	PILOT FLAME DETECTOR
3043520	550	KONSOL 5	BE	PILOT FLAME DETECTOR
3043521	550	KONSOL 5	BE	PILOT FLAME DETECTOR
3043523	550	KONSOL 5	BE	PILOT FLAME DETECTOR
3043525	550	KONSOL 5	BE	PILOT FLAME DETECTOR
3043530	550	KONSOL 5	DPF	DP FLOW TRANSMITTER
3043561	550	KONSOL 5	DPL	DP LEVEL TRANSMITTER
3043562	550	KONSOL 5	DPL	DP LEVEL TRANSMITTER
3043563	550	KONSOL 5	DPL	DP LEVEL TRANSMITTER
3043575	550	KONSOL 5	PT	PRESSURE TRANSMITTER
3043595	550	KONSOL 5	PT	PRESSURE TRANSMITTER
3043597	550	KONSOL 5	PT	PRESSURE TRANSMITTER
3043598	550	KONSOL 5	PT	PRESSURE TRANSMITTER
3043599	550	KONSOL 5	PT	PRESSURE TRANSMITTER
3043651	550	KONSOL 5	TT	TEMPERATURE TRANSMITTER
3043794	550	KONSOL 5	CV	ON OFF VALVE
3043795	550	KONSOL 5	CV	ON OFF VALVE
3043796	550	KONSOL 5	CV	ON OFF VALVE
3043797	550	KONSOL 5	CV	ON OFF VALVE
3043798	550	KONSOL 5	CV	ON OFF VALVE
3043799	550	KONSOL 5	CV	ON OFF VALVE
3045445	620	KONSOL 3	RLT	RADAR LEVEL TRANSMITTER
3063128	620	KONSOL 3	RLT	RADAR LEVEL TRANSMITTER
3045446	620	KONSOL 3	RLT	RADAR LEVEL TRANSMITTER
3063129	620	KONSOL 3	RLT	RADAR LEVEL TRANSMITTER
3045447	620	KONSOL 3	RLT	RADAR LEVEL TRANSMITTER
3063130	620	KONSOL 3	RLT	RADAR LEVEL TRANSMITTER
3045448	620	KONSOL 3	RLT	RADAR LEVEL TRANSMITTER
3063131	620	KONSOL 3	RLT	RADAR LEVEL TRANSMITTER
3045449	620	KONSOL 3	RLT	RADAR LEVEL TRANSMITTER
3063132	620	KONSOL 3	RLT	RADAR LEVEL TRANSMITTER
3045450	620	KONSOL 3	RLT	RADAR LEVEL TRANSMITTER
3063133	620	KONSOL 3	RLT	RADAR LEVEL TRANSMITTER
3045451	620	KONSOL 3	RLT	RADAR LEVEL TRANSMITTER
3063134	620	KONSOL 3	RLT	RADAR LEVEL TRANSMITTER
3045639	630	KONSOL 3	RLT	RADAR LEVEL TRANSMITTER
3059340	630	KONSOL 3	RLT	RADAR LEVEL TRANSMITTER
3045640	630	KONSOL 3	RLT	RADAR LEVEL TRANSMITTER
3059341	630	KONSOL 3	RLT	RADAR LEVEL TRANSMITTER
3045641	630	KONSOL 3	RLT	RADAR LEVEL TRANSMITTER
3059342	630	KONSOL 3	RLT	RADAR LEVEL TRANSMITTER
3045642	630	KONSOL 3	RLT	RADAR LEVEL TRANSMITTER
3059343	630	KONSOL 3	RLT	RADAR LEVEL TRANSMITTER
3045643	630	KONSOL 3	RLT	RADAR LEVEL TRANSMITTER
3059344	630	KONSOL 3	RLT	RADAR LEVEL TRANSMITTER
3045644	630	KONSOL 3	RLT	RADAR LEVEL TRANSMITTER
3059345	630	KONSOL 3	RLT	RADAR LEVEL TRANSMITTER
3045645	630	KONSOL 3	RLT	RADAR LEVEL TRANSMITTER
3059346	630	KONSOL 3	RLT	RADAR LEVEL TRANSMITTER
3045646	630	KONSOL 3	RLT	RADAR LEVEL TRANSMITTER
3059347	630	KONSOL 3	RLT	RADAR LEVEL TRANSMITTER
3045647	630	KONSOL 3	RLT	RADAR LEVEL TRANSMITTER
3059339	630	KONSOL 3	RLT	RADAR LEVEL TRANSMITTER
3045648	630	KONSOL 3	RLT	RADAR LEVEL TRANSMITTER
3059337	630	KONSOL 3	RLT	RADAR LEVEL TRANSMITTER
3045649	630	KONSOL 3	RLT	RADAR LEVEL TRANSMITTER
3059338	630	KONSOL 3	RLT	RADAR LEVEL TRANSMITTER
3045650	630	KONSOL 3	RLT	RADAR LEVEL TRANSMITTER
3059348	630	KONSOL 3	RLT	RADAR LEVEL TRANSMITTER
3045651	630	KONSOL 3	RLT	RADAR LEVEL TRANSMITTER
3059349	630	KONSOL 3	RLT	RADAR LEVEL TRANSMITTER
3045652	630	KONSOL 3	RLT	RADAR LEVEL TRANSMITTER
3059350	630	KONSOL 3	RLT	RADAR LEVEL TRANSMITTER
3045653	630	KONSOL 3	RLT	RADAR LEVEL TRANSMITTER
3059351	630	KONSOL 3	RLT	RADAR LEVEL TRANSMITTER
3045654	630	KONSOL 3	RLT	RADAR LEVEL TRANSMITTER
3059352	630	KONSOL 3	RLT	RADAR LEVEL TRANSMITTER
3045655	630	KONSOL 3	RLT	RADAR LEVEL TRANSMITTER
3059353	630	KONSOL 3	RLT	RADAR LEVEL TRANSMITTER
3045656	630	KONSOL 3	RLT	RADAR LEVEL TRANSMITTER
3059354	630	KONSOL 3	RLT	RADAR LEVEL TRANSMITTER
3045657	630	KONSOL 3	RLT	RADAR LEVEL TRANSMITTER
3059355	630	KONSOL 3	RLT	RADAR LEVEL TRANSMITTER
3045658	630	KONSOL 3	RLT	RADAR LEVEL TRANSMITTER
3059356	630	KONSOL 3	RLT	RADAR LEVEL TRANSMITTER
3045659	630	KONSOL 3	RLT	RADAR LEVEL TRANSMITTER
3059357	630	KONSOL 3	RLT	RADAR LEVEL TRANSMITTER
3045660	630	KONSOL 3	RLT	RADAR LEVEL TRANSMITTER
3059358	630	KONSOL 3	RLT	RADAR LEVEL TRANSMITTER
3045661	630	KONSOL 3	RLT	RADAR LEVEL TRANSMITTER
3059359	630	KONSOL 3	RLT	RADAR LEVEL TRANSMITTER
3045662	630	KONSOL 3	RLT	RADAR LEVEL TRANSMITTER
3059360	630	KONSOL 3	RLT	RADAR LEVEL TRANSMITTER
3045663	630	KONSOL 3	RLT	RADAR LEVEL TRANSMITTER
3059361	630	KONSOL 3	RLT	RADAR LEVEL TRANSMITTER
3045664	630	KONSOL 3	RLT	RADAR LEVEL TRANSMITTER
3059362	630	KONSOL 3	RLT	RADAR LEVEL TRANSMITTER
3045665	630	KONSOL 3	RLT	RADAR LEVEL TRANSMITTER
3059363	630	KONSOL 3	RLT	RADAR LEVEL TRANSMITTER
3045666	630	KONSOL 3	RLT	RADAR LEVEL TRANSMITTER
3059364	630	KONSOL 3	RLT	RADAR LEVEL TRANSMITTER
3045667	630	KONSOL 3	RLT	RADAR LEVEL TRANSMITTER
3059365	630	KONSOL 3	RLT	RADAR LEVEL TRANSMITTER
3044531	630	KONSOL 3	RLT	RADAR LEVEL TRANSMITTER
3059366	630	KONSOL 3	RLT	RADAR LEVEL TRANSMITTER
3044532	630	KONSOL 3	RLT	RADAR LEVEL TRANSMITTER
3059367	630	KONSOL 3	RLT	RADAR LEVEL TRANSMITTER
3056771	640	KONSOL 3	RLT	RADAR LEVEL TRANSMITTER
3056774	640	KONSOL 3	RLT	RADAR LEVEL TRANSMITTER
3056787	640	KONSOL 3	RLT	RADAR LEVEL TRANSMITTER
3056790	640	KONSOL 3	RLT	RADAR LEVEL TRANSMITTER
3056794	640	KONSOL 3	RLT	RADAR LEVEL TRANSMITTER
3056799	640	KONSOL 3	RLT	RADAR LEVEL TRANSMITTER
3056803	640	KONSOL 3	RLT	RADAR LEVEL TRANSMITTER
3056806	640	KONSOL 3	RLT	RADAR LEVEL TRANSMITTER
3056811	640	KONSOL 3	RLT	RADAR LEVEL TRANSMITTER
3056814	640	KONSOL 3	RLT	RADAR LEVEL TRANSMITTER
3056823	640	KONSOL 3	RLT	RADAR LEVEL TRANSMITTER
3056825	640	KONSOL 3	RLT	RADAR LEVEL TRANSMITTER
3056846	640	KONSOL 3	RLT	RADAR LEVEL TRANSMITTER
3056848	640	KONSOL 3	RLT	RADAR LEVEL TRANSMITTER
3056908	640	KONSOL 3	RLT	RADAR LEVEL TRANSMITTER
3056909	640	KONSOL 3	RLT	RADAR LEVEL TRANSMITTER
3056912	640	KONSOL 3	RLT	RADAR LEVEL TRANSMITTER
3056913	640	KONSOL 3	RLT	RADAR LEVEL TRANSMITTER
3056916	640	KONSOL 3	RLT	RADAR LEVEL TRANSMITTER
3056917	640	KONSOL 3	RLT	RADAR LEVEL TRANSMITTER
3056920	640	KONSOL 3	RLT	RADAR LEVEL TRANSMITTER
3056921	640	KONSOL 3	RLT	RADAR LEVEL TRANSMITTER
3056924	640	KONSOL 3	RLT	RADAR LEVEL TRANSMITTER
3056925	640	KONSOL 3	RLT	RADAR LEVEL TRANSMITTER
3056928	640	KONSOL 3	RLT	RADAR LEVEL TRANSMITTER
3056929	640	KONSOL 3	RLT	RADAR LEVEL TRANSMITTER
3044730	640	KONSOL 3	CV	ON OFF VALVE
3044737	640	KONSOL 3	CV	ON OFF VALVE
3044740	640	KONSOL 3	CV	ON OFF VALVE
3044745	640	KONSOL 3	CV	ON OFF VALVE
3044748	640	KONSOL 3	CV	ON OFF VALVE
3055818	660	KONSOL 6	LDT	LEVEL DISPLACER TRANSMITTER
3055819	660	KONSOL 6	LDT	LEVEL DISPLACER TRANSMITTER
3055820	660	KONSOL 6	LDT	LEVEL DISPLACER TRANSMITTER
3055821	660	KONSOL 6	LDT	LEVEL DISPLACER TRANSMITTER
3055822	660	KONSOL 6	LDT	LEVEL DISPLACER TRANSMITTER
3055823	660	KONSOL 6	LDT	LEVEL DISPLACER TRANSMITTER
3055830	660	KONSOL 6	LDT	LEVEL DISPLACER TRANSMITTER
3055832	660	KONSOL 6	LDT	LEVEL DISPLACER TRANSMITTER
3055833	660	KONSOL 6	LDT	LEVEL DISPLACER TRANSMITTER
3055834	660	KONSOL 6	LDT	LEVEL DISPLACER TRANSMITTER
3055835	660	KONSOL 6	LDT	LEVEL DISPLACER TRANSMITTER
3055836	660	KONSOL 6	LDT	LEVEL DISPLACER TRANSMITTER
3055837	660	KONSOL 6	LDT	LEVEL DISPLACER TRANSMITTER
3055843	660	KONSOL 6	LDT	LEVEL DISPLACER TRANSMITTER
3055847	660	KONSOL 6	LDT	LEVEL DISPLACER TRANSMITTER
3055848	660	KONSOL 6	LDT	LEVEL DISPLACER TRANSMITTER
3055849	660	KONSOL 6	LDT	LEVEL DISPLACER TRANSMITTER
3055850	660	KONSOL 6	LDT	LEVEL DISPLACER TRANSMITTER
3055851	660	KONSOL 6	LDT	LEVEL DISPLACER TRANSMITTER
3055852	660	KONSOL 6	LDT	LEVEL DISPLACER TRANSMITTER
3055858	660	KONSOL 6	LDT	LEVEL DISPLACER TRANSMITTER
3055860	660	KONSOL 6	LDT	LEVEL DISPLACER TRANSMITTER
3047889	660	KONSOL 6	GWR	RADAR LEVEL TRANSMITTER
3055869	660	KONSOL 6	LDT	LEVEL DISPLACER TRANSMITTER
3047912	660	KONSOL 6	PT	PRESSURE TRANSMITTER
3047926	660	KONSOL 6	PT	PRESSURE TRANSMITTER
3047937	660	KONSOL 6	PT	PRESSURE TRANSMITTER
3048287	660	KONSOL 6	TT	TEMPERATURE TRANSMITTER
3048397	660	KONSOL 6	CV	ON OFF VALVE
3048399	660	KONSOL 6	CV	ON OFF VALVE
3048402	660	KONSOL 6	CV	ON OFF VALVE
3048404	660	KONSOL 6	CV	ON OFF VALVE
3048407	660	KONSOL 6	CV	ON OFF VALVE
3048409	660	KONSOL 6	CV	ON OFF VALVE
3048410	660	KONSOL 6	CV	ON OFF VALVE
3055872	661	KONSOL 6	LDT	LEVEL DISPLACER TRANSMITTER
3055873	661	KONSOL 6	LDT	LEVEL DISPLACER TRANSMITTER
3055874	661	KONSOL 6	LDT	LEVEL DISPLACER TRANSMITTER
3055876	661	KONSOL 6	LDT	LEVEL DISPLACER TRANSMITTER
3055878	661	KONSOL 6	LDT	LEVEL DISPLACER TRANSMITTER
3055879	661	KONSOL 6	LDT	LEVEL DISPLACER TRANSMITTER
3055880	661	KONSOL 6	LDT	LEVEL DISPLACER TRANSMITTER
3055882	661	KONSOL 6	LDT	LEVEL DISPLACER TRANSMITTER
3048517	661	KONSOL 6	CV	ON OFF VALVE
3048518	661	KONSOL 6	CV	ON OFF VALVE
3048549	662	KONSOL 5	PT	PRESSURE TRANSMITTER
3048746	662	KONSOL 5	TT	TEMPERATURE TRANSMITTER
3048667	662	KONSOL 5	CV	ON OFF VALVE
3048773	690	JETTY	RLT	RADAR LEVEL TRANSMITTER
3048775	690	JETTY	RLT	RADAR LEVEL TRANSMITTER
3048777	690	JETTY	RLT	RADAR LEVEL TRANSMITTER
3059011	690	JETTY	LT	RADAR LEVEL TRANSMITTER
3049581	690	JETTY	RLT	RADAR LEVEL TRANSMITTER
3049586	690	JETTY	RLT	RADAR LEVEL TRANSMITTER
3049591	690	JETTY	RLT	RADAR LEVEL TRANSMITTER
3068316	690	JETTY	UXY	SOLENOID VALVE
3068320	690	JETTY	UXY	SOLENOID VALVE
3068324	690	JETTY	UXY	SOLENOID VALVE
3068328	690	JETTY	UXY	SOLENOID VALVE
3068382	690	JETTY	UXY	SOLENOID VALVE
3068386	690	JETTY	UXY	SOLENOID VALVE
3068390	690	JETTY	UXY	SOLENOID VALVE
3068394	690	JETTY	UXY	SOLENOID VALVE
3068317	690	JETTY	UXY	SOLENOID VALVE
3068318	690	JETTY	UXY	SOLENOID VALVE
3068321	690	JETTY	UXY	SOLENOID VALVE
3068322	690	JETTY	UXY	SOLENOID VALVE
3068325	690	JETTY	UXY	SOLENOID VALVE
3068326	690	JETTY	UXY	SOLENOID VALVE
3068329	690	JETTY	UXY	SOLENOID VALVE
3068330	690	JETTY	UXY	SOLENOID VALVE
3068383	690	JETTY	UXY	SOLENOID VALVE
3068384	690	JETTY	UXY	SOLENOID VALVE
3068387	690	JETTY	UXY	SOLENOID VALVE
3068388	690	JETTY	UXY	SOLENOID VALVE
3068391	690	JETTY	UXY	SOLENOID VALVE
3068392	690	JETTY	UXY	SOLENOID VALVE
3068395	690	JETTY	UXY	SOLENOID VALVE
3068396	690	JETTY	UXY	SOLENOID VALVE
3068319	690	JETTY	UXY	SOLENOID VALVE
3068323	690	JETTY	UXY	SOLENOID VALVE
3068327	690	JETTY	UXY	SOLENOID VALVE
3068331	690	JETTY	UXY	SOLENOID VALVE
3068385	690	JETTY	UXY	SOLENOID VALVE
3068389	690	JETTY	UXY	SOLENOID VALVE
3068393	690	JETTY	UXY	SOLENOID VALVE
3068315	690	JETTY	UXY	SOLENOID VALVE
3068360	690	JETTY	UXY	SOLENOID VALVE
3068364	690	JETTY	UXY	SOLENOID VALVE
3068368	690	JETTY	UXY	SOLENOID VALVE
3068372	690	JETTY	UXY	SOLENOID VALVE
3068376	690	JETTY	UXY	SOLENOID VALVE
3068418	690	JETTY	UXY	SOLENOID VALVE
3068429	690	JETTY	UXY	SOLENOID VALVE
3068332	690	JETTY	UXY	SOLENOID VALVE
3068336	690	JETTY	UXY	SOLENOID VALVE
3068340	690	JETTY	UXY	SOLENOID VALVE
3068344	690	JETTY	UXY	SOLENOID VALVE
3068348	690	JETTY	UXY	SOLENOID VALVE
3068352	690	JETTY	UXY	SOLENOID VALVE
3068356	690	JETTY	UXY	SOLENOID VALVE
3068361	690	JETTY	UXY	SOLENOID VALVE
3068362	690	JETTY	UXY	SOLENOID VALVE
3068365	690	JETTY	UXY	SOLENOID VALVE
3068366	690	JETTY	UXY	SOLENOID VALVE
3068369	690	JETTY	UXY	SOLENOID VALVE
3068370	690	JETTY	UXY	SOLENOID VALVE
3068373	690	JETTY	UXY	SOLENOID VALVE
3068374	690	JETTY	UXY	SOLENOID VALVE
3068377	690	JETTY	UXY	SOLENOID VALVE
3068378	690	JETTY	UXY	SOLENOID VALVE
3068440	690	JETTY	UXY	SOLENOID VALVE
3068451	690	JETTY	UXY	SOLENOID VALVE
3068462	690	JETTY	UXY	SOLENOID VALVE
3068473	690	JETTY	UXY	SOLENOID VALVE
3068333	690	JETTY	UXY	SOLENOID VALVE
3068334	690	JETTY	UXY	SOLENOID VALVE
3068337	690	JETTY	UXY	SOLENOID VALVE
3068338	690	JETTY	UXY	SOLENOID VALVE
3068341	690	JETTY	UXY	SOLENOID VALVE
3068342	690	JETTY	UXY	SOLENOID VALVE
3068345	690	JETTY	UXY	SOLENOID VALVE
3068346	690	JETTY	UXY	SOLENOID VALVE
3068349	690	JETTY	UXY	SOLENOID VALVE
3068350	690	JETTY	UXY	SOLENOID VALVE
3068353	690	JETTY	UXY	SOLENOID VALVE
3068354	690	JETTY	UXY	SOLENOID VALVE
3068357	690	JETTY	UXY	SOLENOID VALVE
3068358	690	JETTY	UXY	SOLENOID VALVE
3068363	690	JETTY	UXY	SOLENOID VALVE
3068367	690	JETTY	UXY	SOLENOID VALVE
3068371	690	JETTY	UXY	SOLENOID VALVE
3068375	690	JETTY	UXY	SOLENOID VALVE
3068379	690	JETTY	UXY	SOLENOID VALVE
3068484	690	JETTY	UXY	SOLENOID VALVE
3068495	690	JETTY	UXY	SOLENOID VALVE
3068335	690	JETTY	UXY	SOLENOID VALVE
3068339	690	JETTY	UXY	SOLENOID VALVE
3068343	690	JETTY	UXY	SOLENOID VALVE
3068347	690	JETTY	UXY	SOLENOID VALVE
3068351	690	JETTY	UXY	SOLENOID VALVE
3068355	690	JETTY	UXY	SOLENOID VALVE
3068359	690	JETTY	UXY	SOLENOID VALVE
3068507	690	JETTY	UXY	SOLENOID VALVE
3068518	690	JETTY	UXY	SOLENOID VALVE
3068529	690	JETTY	UXY	SOLENOID VALVE
3068540	690	JETTY	UXY	SOLENOID VALVE
3068551	690	JETTY	UXY	SOLENOID VALVE
3068562	690	JETTY	UXY	SOLENOID VALVE
3068573	690	JETTY	UXY	SOLENOID VALVE
3068584	690	JETTY	UXY	SOLENOID VALVE
3068587	690	JETTY	UXY	SOLENOID VALVE
3068588	690	JETTY	UXY	SOLENOID VALVE
3068590	690	JETTY	UXY	SOLENOID VALVE
3068591	690	JETTY	UXY	SOLENOID VALVE
3068592	690	JETTY	UXY	SOLENOID VALVE
3068593	690	JETTY	UXY	SOLENOID VALVE
3068594	690	JETTY	UXY	SOLENOID VALVE
3068595	690	JETTY	UXY	SOLENOID VALVE
3068596	690	JETTY	UXY	SOLENOID VALVE
3068597	690	JETTY	UXY	SOLENOID VALVE
3068598	690	JETTY	UXY	SOLENOID VALVE
3068599	690	JETTY	UXY	SOLENOID VALVE
3068601	690	JETTY	UXY	SOLENOID VALVE
3068602	690	JETTY	UXY	SOLENOID VALVE
3068603	690	JETTY	UXY	SOLENOID VALVE
3068604	690	JETTY	UXY	SOLENOID VALVE
3068605	690	JETTY	UXY	SOLENOID VALVE
3068606	690	JETTY	UXY	SOLENOID VALVE
3068607	690	JETTY	UXY	SOLENOID VALVE
3068608	690	JETTY	UXY	SOLENOID VALVE
3068609	690	JETTY	UXY	SOLENOID VALVE
3068610	690	JETTY	UXY	SOLENOID VALVE
3068612	690	JETTY	UXY	SOLENOID VALVE
3068613	690	JETTY	UXY	SOLENOID VALVE
3068614	690	JETTY	UXY	SOLENOID VALVE
3068615	690	JETTY	UXY	SOLENOID VALVE
3068616	690	JETTY	UXY	SOLENOID VALVE
3068617	690	JETTY	UXY	SOLENOID VALVE
3068618	690	JETTY	UXY	SOLENOID VALVE
3068619	690	JETTY	UXY	SOLENOID VALVE
3068620	690	JETTY	UXY	SOLENOID VALVE
3068621	690	JETTY	UXY	SOLENOID VALVE
3068623	690	JETTY	UXY	SOLENOID VALVE
3068624	690	JETTY	UXY	SOLENOID VALVE
3068625	690	JETTY	UXY	SOLENOID VALVE
3068626	690	JETTY	UXY	SOLENOID VALVE
3068627	690	JETTY	UXY	SOLENOID VALVE
3068628	690	JETTY	UXY	SOLENOID VALVE
3068629	690	JETTY	UXY	SOLENOID VALVE
3068630	690	JETTY	UXY	SOLENOID VALVE
3068631	690	JETTY	VT	PROXIMITY SENSOR
3068632	690	JETTY	VT	PROXIMITY SENSOR
3068634	690	JETTY	VT	PROXIMITY SENSOR
3068635	690	JETTY	VT	PROXIMITY SENSOR
3068636	690	JETTY	VT	PROXIMITY SENSOR
3068637	690	JETTY	VT	PROXIMITY SENSOR
3068638	690	JETTY	VT	PROXIMITY SENSOR
3068639	690	JETTY	VT	PROXIMITY SENSOR
3068640	690	JETTY	VT	PROXIMITY SENSOR
3068641	690	JETTY	VT	PROXIMITY SENSOR
3068642	690	JETTY	VT	PROXIMITY SENSOR
3068643	690	JETTY	VT	PROXIMITY SENSOR
3068645	690	JETTY	VT	PROXIMITY SENSOR
3068646	690	JETTY	VT	PROXIMITY SENSOR
3068647	690	JETTY	VT	PROXIMITY SENSOR
3068648	690	JETTY	VT	PROXIMITY SENSOR
3068649	690	JETTY	VT	PROXIMITY SENSOR
3068650	690	JETTY	VT	PROXIMITY SENSOR
3068651	690	JETTY	VT	PROXIMITY SENSOR
3068652	690	JETTY	VT	PROXIMITY SENSOR
3068653	690	JETTY	VT	PROXIMITY SENSOR
3068654	690	JETTY	VT	PROXIMITY SENSOR
3068655	690	JETTY	VT	PROXIMITY SENSOR
3068656	690	JETTY	VT	PROXIMITY SENSOR
3068657	690	JETTY	VT	PROXIMITY SENSOR
3068658	690	JETTY	VT	PROXIMITY SENSOR
3068659	690	JETTY	VT	PROXIMITY SENSOR
3068660	690	JETTY	VT	PROXIMITY SENSOR
3068661	690	JETTY	VT	PROXIMITY SENSOR
3068662	690	JETTY	VT	PROXIMITY SENSOR
3068663	690	JETTY	VT	PROXIMITY SENSOR
3068664	690	JETTY	VT	PROXIMITY SENSOR
3068397	690	JETTY	VT	PROXIMITY SENSOR
3068398	690	JETTY	VT	PROXIMITY SENSOR
3068399	690	JETTY	VT	PROXIMITY SENSOR
3068400	690	JETTY	VT	PROXIMITY SENSOR
3068401	690	JETTY	VT	PROXIMITY SENSOR
3068402	690	JETTY	VT	PROXIMITY SENSOR
3068403	690	JETTY	VT	PROXIMITY SENSOR
3068404	690	JETTY	VT	PROXIMITY SENSOR
3068405	690	JETTY	VT	PROXIMITY SENSOR
3068406	690	JETTY	VT	PROXIMITY SENSOR
3068408	690	JETTY	VT	PROXIMITY SENSOR
3068409	690	JETTY	VT	PROXIMITY SENSOR
3068410	690	JETTY	VT	PROXIMITY SENSOR
3068411	690	JETTY	VT	PROXIMITY SENSOR
3068412	690	JETTY	VT	PROXIMITY SENSOR
3068413	690	JETTY	VT	PROXIMITY SENSOR
3068414	690	JETTY	VT	PROXIMITY SENSOR
3068415	690	JETTY	VT	PROXIMITY SENSOR
3068416	690	JETTY	VT	PROXIMITY SENSOR
3068417	690	JETTY	VT	PROXIMITY SENSOR
3068419	690	JETTY	VT	PROXIMITY SENSOR
3068420	690	JETTY	VT	PROXIMITY SENSOR
3068421	690	JETTY	VT	PROXIMITY SENSOR
3068422	690	JETTY	VT	PROXIMITY SENSOR
3068423	690	JETTY	VT	PROXIMITY SENSOR
3068424	690	JETTY	VT	PROXIMITY SENSOR
3068425	690	JETTY	VT	PROXIMITY SENSOR
3068426	690	JETTY	VT	PROXIMITY SENSOR
3068427	690	JETTY	VT	PROXIMITY SENSOR
3068428	690	JETTY	VT	PROXIMITY SENSOR
3068430	690	JETTY	VT	PROXIMITY SENSOR
3068431	690	JETTY	VT	PROXIMITY SENSOR
3068432	690	JETTY	VT	PROXIMITY SENSOR
3068433	690	JETTY	VT	PROXIMITY SENSOR
3068434	690	JETTY	VT	PROXIMITY SENSOR
3068435	690	JETTY	VT	PROXIMITY SENSOR
3068436	690	JETTY	VT	PROXIMITY SENSOR
3068437	690	JETTY	VT	PROXIMITY SENSOR
3068438	690	JETTY	VT	PROXIMITY SENSOR
3068439	690	JETTY	VT	PROXIMITY SENSOR
3068441	690	JETTY	VT	PROXIMITY SENSOR
3068442	690	JETTY	VT	PROXIMITY SENSOR
3068443	690	JETTY	VT	PROXIMITY SENSOR
3068444	690	JETTY	VT	PROXIMITY SENSOR
3068445	690	JETTY	VT	PROXIMITY SENSOR
3068446	690	JETTY	VT	PROXIMITY SENSOR
3068447	690	JETTY	VT	PROXIMITY SENSOR
3068448	690	JETTY	VT	PROXIMITY SENSOR
3068449	690	JETTY	VT	PROXIMITY SENSOR
3068450	690	JETTY	VT	PROXIMITY SENSOR
3068452	690	JETTY	VT	PROXIMITY SENSOR
3068453	690	JETTY	VT	PROXIMITY SENSOR
3068454	690	JETTY	VT	PROXIMITY SENSOR
3068455	690	JETTY	VT	PROXIMITY SENSOR
3068456	690	JETTY	VT	PROXIMITY SENSOR
3068457	690	JETTY	VT	PROXIMITY SENSOR
3068458	690	JETTY	VT	PROXIMITY SENSOR
3068459	690	JETTY	VT	PROXIMITY SENSOR
3068460	690	JETTY	VT	PROXIMITY SENSOR
3068461	690	JETTY	VT	PROXIMITY SENSOR
3068463	690	JETTY	VT	PROXIMITY SENSOR
3068464	690	JETTY	VT	PROXIMITY SENSOR
3068465	690	JETTY	VT	PROXIMITY SENSOR
3068466	690	JETTY	VT	PROXIMITY SENSOR
3068467	690	JETTY	VT	PROXIMITY SENSOR
3068468	690	JETTY	VT	PROXIMITY SENSOR
3068469	690	JETTY	VT	PROXIMITY SENSOR
3068470	690	JETTY	VT	PROXIMITY SENSOR
3068471	690	JETTY	VT	PROXIMITY SENSOR
3068472	690	JETTY	VT	PROXIMITY SENSOR
3068474	690	JETTY	VT	PROXIMITY SENSOR
3068475	690	JETTY	VT	PROXIMITY SENSOR
3068476	690	JETTY	VT	PROXIMITY SENSOR
3068477	690	JETTY	VT	PROXIMITY SENSOR
3068478	690	JETTY	VT	PROXIMITY SENSOR
3068479	690	JETTY	VT	PROXIMITY SENSOR
3068480	690	JETTY	VT	PROXIMITY SENSOR
3068481	690	JETTY	VT	PROXIMITY SENSOR
3068482	690	JETTY	VT	PROXIMITY SENSOR
3068483	690	JETTY	VT	PROXIMITY SENSOR
3068485	690	JETTY	VT	PROXIMITY SENSOR
3068486	690	JETTY	VT	PROXIMITY SENSOR
3068487	690	JETTY	VT	PROXIMITY SENSOR
3068488	690	JETTY	VT	PROXIMITY SENSOR
3068489	690	JETTY	VT	PROXIMITY SENSOR
3068490	690	JETTY	VT	PROXIMITY SENSOR
3068491	690	JETTY	VT	PROXIMITY SENSOR
3068492	690	JETTY	VT	PROXIMITY SENSOR
3068493	690	JETTY	VT	PROXIMITY SENSOR
3068494	690	JETTY	VT	PROXIMITY SENSOR
3068496	690	JETTY	VT	PROXIMITY SENSOR
3068497	690	JETTY	VT	PROXIMITY SENSOR
3068498	690	JETTY	VT	PROXIMITY SENSOR
3068499	690	JETTY	VT	PROXIMITY SENSOR
3068500	690	JETTY	VT	PROXIMITY SENSOR
3068501	690	JETTY	VT	PROXIMITY SENSOR
3068502	690	JETTY	VT	PROXIMITY SENSOR
3068503	690	JETTY	VT	PROXIMITY SENSOR
3068504	690	JETTY	VT	PROXIMITY SENSOR
3068505	690	JETTY	VT	PROXIMITY SENSOR
3068508	690	JETTY	VT	PROXIMITY SENSOR
3068509	690	JETTY	VT	PROXIMITY SENSOR
3068510	690	JETTY	VT	PROXIMITY SENSOR
3068511	690	JETTY	VT	PROXIMITY SENSOR
3068512	690	JETTY	VT	PROXIMITY SENSOR
3068513	690	JETTY	VT	PROXIMITY SENSOR
3068514	690	JETTY	VT	PROXIMITY SENSOR
3068515	690	JETTY	VT	PROXIMITY SENSOR
3068516	690	JETTY	VT	PROXIMITY SENSOR
3068517	690	JETTY	VT	PROXIMITY SENSOR
3068519	690	JETTY	VT	PROXIMITY SENSOR
3068520	690	JETTY	VT	PROXIMITY SENSOR
3068521	690	JETTY	VT	PROXIMITY SENSOR
3068522	690	JETTY	VT	PROXIMITY SENSOR
3068523	690	JETTY	VT	PROXIMITY SENSOR
3068524	690	JETTY	VT	PROXIMITY SENSOR
3068525	690	JETTY	VT	PROXIMITY SENSOR
3068526	690	JETTY	VT	PROXIMITY SENSOR
3068527	690	JETTY	VT	PROXIMITY SENSOR
3068528	690	JETTY	VT	PROXIMITY SENSOR
3068530	690	JETTY	VT	PROXIMITY SENSOR
3068531	690	JETTY	VT	PROXIMITY SENSOR
3068532	690	JETTY	VT	PROXIMITY SENSOR
3068533	690	JETTY	VT	PROXIMITY SENSOR
3068534	690	JETTY	VT	PROXIMITY SENSOR
3068535	690	JETTY	VT	PROXIMITY SENSOR
3068536	690	JETTY	VT	PROXIMITY SENSOR
3068537	690	JETTY	VT	PROXIMITY SENSOR
3068538	690	JETTY	VT	PROXIMITY SENSOR
3068539	690	JETTY	VT	PROXIMITY SENSOR
3068541	690	JETTY	VT	PROXIMITY SENSOR
3068542	690	JETTY	VT	PROXIMITY SENSOR
3068543	690	JETTY	VT	PROXIMITY SENSOR
3068544	690	JETTY	VT	PROXIMITY SENSOR
3068545	690	JETTY	VT	PROXIMITY SENSOR
3068546	690	JETTY	VT	PROXIMITY SENSOR
3068547	690	JETTY	VT	PROXIMITY SENSOR
3068548	690	JETTY	VT	PROXIMITY SENSOR
3068549	690	JETTY	VT	PROXIMITY SENSOR
3068550	690	JETTY	VT	PROXIMITY SENSOR
3068552	690	JETTY	VT	PROXIMITY SENSOR
3068553	690	JETTY	VT	PROXIMITY SENSOR
3068554	690	JETTY	VT	PROXIMITY SENSOR
3068555	690	JETTY	VT	PROXIMITY SENSOR
3068556	690	JETTY	VT	PROXIMITY SENSOR
3068557	690	JETTY	VT	PROXIMITY SENSOR
3068558	690	JETTY	VT	PROXIMITY SENSOR
3068559	690	JETTY	VT	PROXIMITY SENSOR
3068560	690	JETTY	VT	PROXIMITY SENSOR
3068561	690	JETTY	VT	PROXIMITY SENSOR
3068563	690	JETTY	VT	PROXIMITY SENSOR
3068564	690	JETTY	VT	PROXIMITY SENSOR
3068565	690	JETTY	VT	PROXIMITY SENSOR
3068566	690	JETTY	VT	PROXIMITY SENSOR
3068567	690	JETTY	VT	PROXIMITY SENSOR
3068568	690	JETTY	VT	PROXIMITY SENSOR
3068569	690	JETTY	VT	PROXIMITY SENSOR
3068570	690	JETTY	VT	PROXIMITY SENSOR
3068571	690	JETTY	VT	PROXIMITY SENSOR
3068572	690	JETTY	VT	PROXIMITY SENSOR
3068574	690	JETTY	VT	PROXIMITY SENSOR
3068575	690	JETTY	VT	PROXIMITY SENSOR
3068576	690	JETTY	VT	PROXIMITY SENSOR
3068577	690	JETTY	VT	PROXIMITY SENSOR
3068578	690	JETTY	VT	PROXIMITY SENSOR
3068579	690	JETTY	VT	PROXIMITY SENSOR
3068580	690	JETTY	VT	PROXIMITY SENSOR
3068581	690	JETTY	VT	PROXIMITY SENSOR
3068582	690	JETTY	VT	PROXIMITY SENSOR
3068583	690	JETTY	VT	PROXIMITY SENSOR
3068585	690	JETTY	VT	PROXIMITY SENSOR
3068586	690	JETTY	VT	PROXIMITY SENSOR
3048751	662	KONSOL 5	CV	ON OFF VALVE
3048752	662	KONSOL 5	CV	ON OFF VALVE
3044537	630	KONSOL 3	CV	ON OFF VALVE
3044538	630	KONSOL 3	CV	ON OFF VALVE
3044539	630	KONSOL 3	CV	ON OFF VALVE
3044540	630	KONSOL 3	CV	ON OFF VALVE
3044541	630	KONSOL 3	CV	ON OFF VALVE
3044542	630	KONSOL 3	CV	ON OFF VALVE
3014278	100	KONSOL 1	CV	ON OFF VALVE
3014279	100	KONSOL 1	CV	ON OFF VALVE
3014280	100	KONSOL 1	CV	ON OFF VALVE
3014282	100	KONSOL 1	CV	ON OFF VALVE
3014283	100	KONSOL 1	CV	ON OFF VALVE
3014284	100	KONSOL 1	CV	ON OFF VALVE
3014285	100	KONSOL 1	CV	ON OFF VALVE
3014286	100	KONSOL 1	CV	ON OFF VALVE
3014289	100	KONSOL 1	CV	ON OFF VALVE
3014290	100	KONSOL 1	CV	ON OFF VALVE
3014291	100	KONSOL 1	CV	ON OFF VALVE
3014292	100	KONSOL 1	CV	ON OFF VALVE
3014293	100	KONSOL 1	CV	ON OFF VALVE
3014294	100	KONSOL 1	CV	ON OFF VALVE
3014295	100	KONSOL 1	CV	ON OFF VALVE
3014270	100	KONSOL 1	CV	ON OFF VALVE
3044731	640	KONSOL 3	CV	ON OFF VALVE
3044732	640	KONSOL 3	CV	ON OFF VALVE
3044733	640	KONSOL 3	CV	ON OFF VALVE
3044734	640	KONSOL 3	CV	ON OFF VALVE
3044735	640	KONSOL 3	CV	ON OFF VALVE
3044736	640	KONSOL 3	CV	ON OFF VALVE
3044738	640	KONSOL 3	CV	ON OFF VALVE
3044739	640	KONSOL 3	CV	ON OFF VALVE
3044741	640	KONSOL 3	CV	ON OFF VALVE
3044742	640	KONSOL 3	CV	ON OFF VALVE
3044743	640	KONSOL 3	CV	ON OFF VALVE
3044744	640	KONSOL 3	CV	ON OFF VALVE
3044746	640	KONSOL 3	CV	ON OFF VALVE
3044747	640	KONSOL 3	CV	ON OFF VALVE
3044749	640	KONSOL 3	CV	ON OFF VALVE
3044750	640	KONSOL 3	CV	ON OFF VALVE
3044751	640	KONSOL 3	CV	ON OFF VALVE
3044752	640	KONSOL 3	CV	ON OFF VALVE
3047803	655	KONSOL 4	CV	ON OFF VALVE
3049006	690	JETTY	CV	ON OFF VALVE
3049007	690	JETTY	CV	ON OFF VALVE
3049008	690	JETTY	CV	ON OFF VALVE
3049010	690	JETTY	CV	ON OFF VALVE
3049011	690	JETTY	CV	ON OFF VALVE
3049012	690	JETTY	CV	ON OFF VALVE
3049013	690	JETTY	CV	ON OFF VALVE
3049014	690	JETTY	CV	ON OFF VALVE
3049015	690	JETTY	CV	ON OFF VALVE
3049016	690	JETTY	CV	ON OFF VALVE
3049024	690	JETTY	CV	ON OFF VALVE
3049030	690	JETTY	CV	ON OFF VALVE
3049031	690	JETTY	CV	ON OFF VALVE
3049032	690	JETTY	CV	ON OFF VALVE
3049033	690	JETTY	CV	ON OFF VALVE
3049034	690	JETTY	CV	ON OFF VALVE
3049035	690	JETTY	CV	ON OFF VALVE
3049042	690	JETTY	CV	ON OFF VALVE
3049043	690	JETTY	CV	ON OFF VALVE
3049044	690	JETTY	CV	ON OFF VALVE
3049045	690	JETTY	CV	ON OFF VALVE
3049046	690	JETTY	CV	ON OFF VALVE
3049047	690	JETTY	CV	ON OFF VALVE
3049060	690	JETTY	CV	ON OFF VALVE
3049061	690	JETTY	CV	ON OFF VALVE
3049062	690	JETTY	CV	ON OFF VALVE
3049068	690	JETTY	CV	ON OFF VALVE
3049069	690	JETTY	CV	ON OFF VALVE
3049072	690	JETTY	CV	ON OFF VALVE
3049073	690	JETTY	CV	ON OFF VALVE
3049076	690	JETTY	CV	ON OFF VALVE
3049077	690	JETTY	CV	ON OFF VALVE
3050249	690	JETTY	CV	ON OFF VALVE
3014411	100	KONSOL 1	CV	ON OFF VALVE
3014416	100	KONSOL 1	CV	ON OFF VALVE
3014419	100	KONSOL 1	CV	ON OFF VALVE
3014421	100	KONSOL 1	CV	ON OFF VALVE
3014447	100	KONSOL 1	CV	ON OFF VALVE
3014468	100	KONSOL 1	CV	ON OFF VALVE
3014469	100	KONSOL 1	CV	ON OFF VALVE
3014470	100	KONSOL 1	CV	ON OFF VALVE
3014474	100	KONSOL 1	CV	ON OFF VALVE
3014477	100	KONSOL 1	CV	ON OFF VALVE
3014485	100	KONSOL 1	CV	ON OFF VALVE
3015733	110	KONSOL 1	CV	ON OFF VALVE
3015734	110	KONSOL 1	CV	ON OFF VALVE
3015742	110	KONSOL 1	CV	ON OFF VALVE
3015744	110	KONSOL 1	CV	ON OFF VALVE
3015749	110	KONSOL 1	CV	ON OFF VALVE
3015751	110	KONSOL 1	CV	ON OFF VALVE
3015752	110	KONSOL 1	CV	ON OFF VALVE
3015755	110	KONSOL 1	CV	ON OFF VALVE
3015756	110	KONSOL 1	CV	ON OFF VALVE
3015757	110	KONSOL 1	CV	ON OFF VALVE
3015759	110	KONSOL 1	CV	ON OFF VALVE
3015760	110	KONSOL 1	CV	ON OFF VALVE
3015761	110	KONSOL 1	CV	ON OFF VALVE
3016263	116	KONSOL 2	CV	ON OFF VALVE
3018396	120	KONSOL 8	CV	ON OFF VALVE
3018397	120	KONSOL 8	CV	ON OFF VALVE
3018398	120	KONSOL 8	CV	ON OFF VALVE
3018400	120	KONSOL 8	CV	ON OFF VALVE
3018402	120	KONSOL 8	CV	ON OFF VALVE
3018403	120	KONSOL 8	CV	ON OFF VALVE
3018405	120	KONSOL 8	CV	ON OFF VALVE
3018408	120	KONSOL 8	CV	ON OFF VALVE
3018412	120	KONSOL 8	CV	ON OFF VALVE
3018416	120	KONSOL 8	CV	ON OFF VALVE
3018417	120	KONSOL 8	CV	ON OFF VALVE
3018419	120	KONSOL 8	CV	ON OFF VALVE
3018433	120	KONSOL 8	CV	ON OFF VALVE
3018436	120	KONSOL 8	CV	ON OFF VALVE
3020006	130	KONSOL 7	CV	ON OFF VALVE
3020008	130	KONSOL 7	CV	ON OFF VALVE
3020011	130	KONSOL 7	CV	ON OFF VALVE
3020013	130	KONSOL 7	CV	ON OFF VALVE
3021876	140	KONSOL 7	CV	ON OFF VALVE
3021877	140	KONSOL 7	CV	ON OFF VALVE
3021878	140	KONSOL 7	CV	ON OFF VALVE
3021883	140	KONSOL 7	CV	ON OFF VALVE
3021886	140	KONSOL 7	CV	ON OFF VALVE
3021887	140	KONSOL 7	CV	ON OFF VALVE
3021888	140	KONSOL 7	CV	ON OFF VALVE
3021890	140	KONSOL 7	CV	ON OFF VALVE
3021901	140	KONSOL 7	CV	ON OFF VALVE
3021902	140	KONSOL 7	CV	ON OFF VALVE
3021903	140	KONSOL 7	CV	ON OFF VALVE
3021904	140	KONSOL 7	CV	ON OFF VALVE
3021905	140	KONSOL 7	CV	ON OFF VALVE
3021906	140	KONSOL 7	CV	ON OFF VALVE
3021907	140	KONSOL 7	CV	ON OFF VALVE
3021908	140	KONSOL 7	CV	ON OFF VALVE
3021909	140	KONSOL 7	CV	ON OFF VALVE
3021910	140	KONSOL 7	CV	ON OFF VALVE
3021911	140	KONSOL 7	CV	ON OFF VALVE
3021912	140	KONSOL 7	CV	ON OFF VALVE
3021913	140	KONSOL 7	CV	ON OFF VALVE
3021914	140	KONSOL 7	CV	ON OFF VALVE
3021916	140	KONSOL 7	CV	ON OFF VALVE
3026880	150	KONSOL 5	CV	ON OFF VALVE
3026886	150	KONSOL 5	CV	ON OFF VALVE
3026887	150	KONSOL 5	CV	ON OFF VALVE
3026888	150	KONSOL 5	CV	ON OFF VALVE
3026910	150	KONSOL 5	CV	ON OFF VALVE
3026911	150	KONSOL 5	CV	ON OFF VALVE
3026912	150	KONSOL 5	CV	ON OFF VALVE
3026921	150	KONSOL 5	CV	ON OFF VALVE
3026922	150	KONSOL 5	CV	ON OFF VALVE
3026925	150	KONSOL 5	CV	ON OFF VALVE
3028772	150	KONSOL 5	CV	ON OFF VALVE
3028773	150	KONSOL 5	CV	ON OFF VALVE
3028774	150	KONSOL 5	CV	ON OFF VALVE
3059369	150	KONSOL 5	CV	ON OFF VALVE
3028775	150	KONSOL 5	CV	ON OFF VALVE
3028776	150	KONSOL 5	CV	ON OFF VALVE
3028777	150	KONSOL 5	CV	ON OFF VALVE
3028778	150	KONSOL 5	CV	ON OFF VALVE
3032287	160	KONSOL 8	INS	ON OFF VALVE
3032289	160	KONSOL 8	INS	ON OFF VALVE
3032290	160	KONSOL 8	INS	ON OFF VALVE
3032295	160	KONSOL 8	INS	ON OFF VALVE
3032321	160	KONSOL 8	INS	ON OFF VALVE
3032322	160	KONSOL 8	INS	ON OFF VALVE
3032323	160	KONSOL 8	INS	ON OFF VALVE
3032324	160	KONSOL 8	INS	ON OFF VALVE
3068080	160	KONSOL 8	UXY	SOLENOID VALVE
3068081	160	KONSOL 8	UXY	SOLENOID VALVE
3032423	160	KONSOL 8	INS	ON OFF VALVE
3032424	160	KONSOL 8	INS	ON OFF VALVE
3032425	160	KONSOL 8	INS	ON OFF VALVE
3032427	160	KONSOL 8	INS	ON OFF VALVE
3032428	160	KONSOL 8	INS	ON OFF VALVE
3032429	160	KONSOL 8	INS	ON OFF VALVE
3032430	160	KONSOL 8	INS	ON OFF VALVE
3032431	160	KONSOL 8	INS	ON OFF VALVE
3032432	160	KONSOL 8	INS	ON OFF VALVE
3032433	160	KONSOL 8	INS	ON OFF VALVE
3032434	160	KONSOL 8	INS	ON OFF VALVE
3032435	160	KONSOL 8	INS	ON OFF VALVE
3032437	160	KONSOL 8	INS	ON OFF VALVE
3032441	160	KONSOL 8	INS	ON OFF VALVE
3032442	160	KONSOL 8	INS	ON OFF VALVE
3032443	160	KONSOL 8	INS	ON OFF VALVE
3035937	190	KONSOL 2	INS	ON OFF VALVE
3035729	190	KONSOL 2	INS	ON OFF VALVE
3035730	190	KONSOL 2	INS	ON OFF VALVE
3035731	190	KONSOL 2	INS	ON OFF VALVE
3035732	190	KONSOL 2	INS	ON OFF VALVE
3035733	190	KONSOL 2	INS	ON OFF VALVE
3035734	190	KONSOL 2	INS	ON OFF VALVE
3035735	190	KONSOL 2	INS	ON OFF VALVE
3035736	190	KONSOL 2	INS	ON OFF VALVE
3035737	190	KONSOL 2	INS	ON OFF VALVE
3035738	190	KONSOL 2	INS	ON OFF VALVE
3035739	190	KONSOL 2	INS	ON OFF VALVE
3035740	190	KONSOL 2	INS	ON OFF VALVE
3035741	190	KONSOL 2	INS	ON OFF VALVE
3035742	190	KONSOL 2	INS	ON OFF VALVE
3035744	190	KONSOL 2	INS	ON OFF VALVE
3035745	190	KONSOL 2	INS	ON OFF VALVE
3035747	190	KONSOL 2	INS	ON OFF VALVE
3035748	190	KONSOL 2	INS	ON OFF VALVE
3035753	190	KONSOL 2	INS	ON OFF VALVE
3035755	190	KONSOL 2	INS	ON OFF VALVE
3035756	190	KONSOL 2	INS	ON OFF VALVE
3035757	190	KONSOL 2	INS	ON OFF VALVE
3035759	190	KONSOL 2	INS	ON OFF VALVE
3035760	190	KONSOL 2	INS	ON OFF VALVE
3035761	190	KONSOL 2	INS	ON OFF VALVE
3036086	410	KONSOL 1	INS	ON OFF VALVE
3036089	410	KONSOL 1	INS	ON OFF VALVE
3036090	410	KONSOL 1	INS	ON OFF VALVE
3036298	415	KONSOL 2	INS	ON OFF VALVE
3039383	440	KONSOL 6	CV	ON OFF VALVE
3039708	442	KONSOL 6	CV	ON OFF VALVE
3039717	442	KONSOL 6	CV	ON OFF VALVE
3041033	450	KONSOL 5	CV	ON OFF VALVE
3041034	450	KONSOL 5	CV	ON OFF VALVE
3041037	450	KONSOL 5	CV	ON OFF VALVE
3041040	450	KONSOL 5	CV	ON OFF VALVE
3041053	450	KONSOL 5	CV	ON OFF VALVE
3041057	450	KONSOL 5	CV	ON OFF VALVE
3041061	450	KONSOL 5	CV	ON OFF VALVE
3041062	450	KONSOL 5	CV	ON OFF VALVE
3041987	514	KONSOL 4	CV	ON OFF VALVE
3043425	545	KONSOL 4	CV	ON OFF VALVE
3043434	545	KONSOL 4	CV	ON OFF VALVE
3043441	545	KONSOL 4	CV	ON OFF VALVE
3043448	545	KONSOL 4	CV	ON OFF VALVE
3043453	545	KONSOL 4	CV	ON OFF VALVE
3043454	545	KONSOL 4	CV	ON OFF VALVE
3043455	545	KONSOL 4	CV	ON OFF VALVE
3043456	545	KONSOL 4	CV	ON OFF VALVE
3043457	545	KONSOL 4	CV	ON OFF VALVE
3043461	545	KONSOL 4	CV	ON OFF VALVE
3043468	545	KONSOL 4	CV	ON OFF VALVE
3043475	545	KONSOL 4	CV	ON OFF VALVE
